factory_id,industry,size,join_month,baseline_cost_thb_per_month,status,member_since,trial_days_left,streams
F01,ชิ้นส่วนโลหะ,M,2026-01,90000,สมาชิก,2026-04,,metal|sludge
F02,บรรจุภัณฑ์พลาสติก,S,2026-01,55000,หมดทดลอง-ยังไม่ต่อ,,,pp
F03,เฟอร์นิเจอร์ไม้,S,2026-02,55000,หมดทดลอง-ยังไม่ต่อ,,,sawdust|oil
F04,แม่พิมพ์โลหะ,M,2026-03,90000,หมดทดลอง-ยังไม่ต่อ,,,metal|oil
F05,สิ่งพิมพ์/กล่อง,S,2026-03,55000,สมาชิก,2026-06,,paper|pp
F06,สิ่งทอ,M,2026-04,90000,หมดทดลอง-ยังไม่ต่อ,,,textile|paper
F07,ชิ้นส่วนยานยนต์,L,2026-05,165000,สมาชิก,2026-08,,metal|pp|oil
F08,อาหารแปรรูป,S,2026-05,55000,หมดทดลอง-ยังไม่ต่อ,,,paper|sludge
F09,เฟอร์นิเจอร์ไม้,S,2026-06,55000,หมดทดลอง-ยังไม่ต่อ,,,sawdust|oil
F10,ชิ้นส่วนอิเล็กทรอนิกส์,M,2026-07,90000,ทดลองฟรี,,10,pp|paper|oil
F11,เครื่องนุ่งห่ม,S,2026-08,55000,ทดลองฟรี,,45,textile|paper
F12,ชิ้นส่วนโลหะ,L,2026-09,165000,ทดลองฟรี,,63,metal|oil|sludge
