month,factory_id,stream_id,tons_listed,tons_diverted,tons_landfill,cost_saved_thb,kgco2e_reduced,deals_closed
2026-01,F01,metal,21.7,10.0,11.7,9000,3500,1
2026-01,F01,sludge,13.3,0.0,13.3,0,0,0
2026-01,F02,pp,10.0,0.0,10.0,0,0,0
2026-02,F01,metal,27.8,14.0,13.8,10660,4623,1
2026-02,F01,sludge,11.3,0.0,11.3,0,0,0
2026-02,F02,pp,11.9,6.0,5.9,6340,2477,1
2026-02,F03,sawdust,8.5,0.0,8.5,0,0,0
2026-02,F03,oil,0.5,0.0,0.5,0,0,0
2026-03,F01,metal,16.5,9.0,7.5,7310,3126,1
2026-03,F01,sludge,9.3,0.0,9.3,0,0,0
2026-03,F02,pp,9.2,5.0,4.2,5650,2172,1
2026-03,F03,sawdust,7.1,0.0,7.1,0,0,0
2026-03,F03,oil,0.5,0.0,0.5,0,0,0
2026-03,F04,metal,16.5,9.0,7.5,7320,3127,1
2026-03,F04,oil,0.5,0.0,0.5,0,0,0
2026-03,F05,paper,9.2,5.0,4.2,4070,1303,0
2026-03,F05,pp,9.2,5.0,4.2,5650,2172,0
2026-04,F01,metal,16.6,10.0,6.6,9610,3700,1
2026-04,F01,sludge,7.5,0.0,7.5,0,0,0
2026-04,F02,pp,10.0,6.0,4.0,8010,2775,1
2026-04,F03,sawdust,6.6,4.0,2.6,1920,740,0
2026-04,F03,oil,0.5,0.0,0.5,0,0,0
2026-04,F04,metal,16.6,10.0,6.6,9610,3700,1
2026-04,F04,oil,0.5,0.0,0.5,0,0,0
2026-04,F05,paper,2.5,1.5,1.0,1440,416,0
2026-04,F05,pp,10.0,6.0,4.0,8010,2775,1
2026-04,F06,textile,9.0,0.0,9.0,0,0,0
2026-04,F06,paper,4.2,2.5,1.7,2400,694,0
2026-05,F01,metal,9.9,6.3,3.6,7170,2467,1
2026-05,F01,sludge,6.5,0.0,6.5,0,0,0
2026-05,F02,pp,5.0,3.2,1.8,5060,1566,0
2026-05,F03,sawdust,14.1,9.0,5.1,5120,1762,1
2026-05,F03,oil,0.5,0.0,0.5,0,0,0
2026-05,F04,metal,9.9,6.3,3.6,7170,2467,0
2026-05,F04,oil,0.5,0.0,0.5,0,0,0
2026-05,F05,paper,2.2,1.4,0.8,1590,411,0
2026-05,F05,pp,5.0,3.2,1.8,5060,1566,0
2026-05,F06,textile,7.7,0.0,7.7,0,0,0
2026-05,F06,paper,3.4,2.2,1.2,2500,646,0
2026-05,F07,metal,14.7,9.4,5.3,10700,3681,1
2026-05,F07,pp,11.9,7.6,4.3,12040,3723,1
2026-05,F07,oil,0.5,0.0,0.5,0,0,0
2026-05,F08,paper,2.2,1.4,0.8,1590,411,0
2026-05,F08,sludge,4.0,0.0,4.0,0,0,0
2026-06,F01,metal,11.9,7.4,4.5,8990,2936,1
2026-06,F01,sludge,6.8,0.0,6.8,0,0,0
2026-06,F02,pp,6.6,4.1,2.5,6920,2034,0
2026-06,F03,sawdust,8.1,5.0,3.1,3040,992,0
2026-06,F03,oil,0.5,0.0,0.5,0,0,0
2026-06,F04,metal,11.9,7.4,4.5,8990,2936,1
2026-06,F04,oil,0.5,0.0,0.5,0,0,0
2026-06,F05,paper,2.3,1.4,0.9,1700,417,0
2026-06,F05,pp,6.6,4.1,2.5,6920,2034,0
2026-06,F06,textile,9.7,6.0,3.7,4860,2182,1
2026-06,F06,paper,3.5,2.2,1.3,2670,655,0
2026-06,F07,metal,18.0,11.2,6.8,13610,4444,1
2026-06,F07,pp,15.8,9.8,6.0,16560,4861,1
2026-06,F07,oil,0.5,0.0,0.5,0,0,0
2026-06,F08,paper,2.3,1.4,0.9,1700,417,0
2026-06,F08,sludge,4.4,0.0,4.4,0,0,0
2026-06,F09,sawdust,8.1,5.0,3.1,3040,992,0
2026-06,F09,oil,0.5,0.0,0.5,0,0,0
2026-07,F01,metal,11.3,7.1,4.2,10520,2615,1
2026-07,F01,sludge,6.4,0.0,6.4,0,0,0
2026-07,F02,pp,4.5,2.8,1.7,5760,1289,0
2026-07,F03,sawdust,7.2,4.5,2.7,3330,829,0
2026-07,F03,oil,0.5,0.0,0.5,0,0,0
2026-07,F04,metal,11.3,7.1,4.2,10520,2615,1
2026-07,F04,oil,0.5,0.0,0.5,0,0,0
2026-07,F05,paper,1.6,1.0,0.6,1480,276,0
2026-07,F05,pp,4.5,2.8,1.7,5760,1289,0
2026-07,F06,textile,9.5,6.0,3.5,5920,2026,1
2026-07,F06,paper,2.4,1.5,0.9,2220,414,0
2026-07,F07,metal,17.2,10.8,6.4,16010,3979,1
2026-07,F07,pp,11.0,6.9,4.1,14190,3177,1
2026-07,F07,oil,0.5,0.0,0.5,0,0,0
2026-07,F08,paper,1.6,1.0,0.6,1480,276,0
2026-07,F08,sludge,4.2,0.0,4.2,0,0,0
2026-07,F09,sawdust,7.2,4.5,2.7,3330,829,0
2026-07,F09,oil,0.5,0.0,0.5,0,0,0
2026-07,F10,pp,7.2,4.5,2.7,9260,2072,0
2026-07,F10,paper,2.4,1.5,0.9,2220,414,0
2026-07,F10,oil,0.5,0.0,0.5,0,0,0
2026-08,F01,metal,11.8,7.7,4.1,12300,3235,1
2026-08,F01,sludge,6.1,0.0,6.1,0,0,0
2026-08,F02,pp,5.1,3.3,1.8,7320,1733,0
2026-08,F03,sawdust,7.7,5.0,2.7,3990,1050,1
2026-08,F03,oil,0.5,0.0,0.5,0,0,0
2026-08,F04,metal,11.8,7.7,4.1,12300,3235,1
2026-08,F04,oil,0.5,0.0,0.5,0,0,0
2026-08,F05,paper,1.2,0.8,0.4,1280,252,0
2026-08,F05,pp,5.1,3.3,1.8,7320,1733,0
2026-08,F06,textile,7.5,4.9,2.6,5220,1887,0
2026-08,F06,paper,2.0,1.3,0.7,2080,410,0
2026-08,F07,metal,18.0,11.6,6.4,18530,4871,1
2026-08,F07,pp,12.4,8.1,4.3,17970,4253,1
2026-08,F07,oil,0.5,0.0,0.5,0,0,0
2026-08,F08,paper,1.2,0.8,0.4,1280,252,0
2026-08,F08,sludge,3.8,0.0,3.8,0,0,0
2026-08,F09,sawdust,7.7,5.0,2.7,3990,1050,0
2026-08,F09,oil,0.5,0.0,0.5,0,0,0
2026-08,F10,pp,8.1,5.3,2.8,11760,2783,1
2026-08,F10,paper,2.0,1.3,0.7,2080,410,0
2026-08,F10,oil,0.5,0.0,0.5,0,0,0
2026-08,F11,textile,4.8,3.1,1.7,3300,1194,0
2026-08,F11,paper,1.2,0.8,0.4,1280,252,0
2026-09,F01,metal,8.3,6.0,2.3,10800,2697,0
2026-09,F01,sludge,4.3,0.0,4.3,0,0,0
2026-09,F02,pp,5.5,4.0,1.5,10000,2248,0
2026-09,F03,sawdust,9.0,6.5,2.5,5850,1461,1
2026-09,F03,oil,0.6,0.0,0.6,0,0,0
2026-09,F04,metal,8.3,6.0,2.3,10800,2697,0
2026-09,F04,oil,0.6,0.0,0.6,0,0,0
2026-09,F05,paper,1.1,0.8,0.3,1440,270,0
2026-09,F05,pp,5.5,4.0,1.5,10000,2248,0
2026-09,F06,textile,8.6,6.2,2.4,7440,2555,1
2026-09,F06,paper,1.8,1.3,0.5,2340,438,0
2026-09,F07,metal,12.4,9.0,3.4,16200,4046,1
2026-09,F07,pp,13.3,9.6,3.7,24000,5393,1
2026-09,F07,oil,0.5,0.0,0.5,0,0,0
2026-09,F08,paper,1.1,0.8,0.3,1440,270,0
2026-09,F08,sludge,2.7,0.0,2.7,0,0,0
2026-09,F09,sawdust,9.0,6.5,2.5,5850,1461,1
2026-09,F09,oil,0.5,0.0,0.5,0,0,0
2026-09,F10,pp,8.8,6.4,2.4,16000,3596,1
2026-09,F10,paper,1.8,1.3,0.5,2340,438,0
2026-09,F10,oil,0.5,0.0,0.5,0,0,0
2026-09,F11,textile,5.2,3.8,1.4,4560,1566,0
2026-09,F11,paper,1.1,0.8,0.3,1440,270,0
2026-09,F12,metal,12.4,9.0,3.4,16200,4046,1
2026-09,F12,oil,0.5,0.0,0.5,0,0,0
2026-09,F12,sludge,6.6,0.0,6.6,0,0,0
