เดือน,โรงงานในระบบ (สะสม),ของเสียที่ลงทะเบียน (ตัน),ของเสียที่จับคู่/เลี่ยงหลุมฝังกลบ (ตัน),สัดส่วนไปหลุมฝังกลบ,คู่ที่จับสำเร็จ (เดือนนี้),คู่สะสม,ก๊าซเรือนกระจกที่ลดได้ (kgCO₂e),kgCO₂e ต่อตัน,ค่ากำจัดเดิมต่อโรงงาน (บาท/เดือน),ค่ากำจัด baseline รวม (บาท),ต้นทุนที่ลดได้ (บาท),% ต้นทุนที่ลดได้,รายได้ ExerLink (บาท)
ม.ค. 69,2,45,10,0.7778,1,1,3500,350,85000,170000,9000,0.0529,4500
ก.พ. 69,3,60,20,0.6667,2,3,7100,355,85000,255000,17000,0.0667,6000
มี.ค. 69,5,78,33,0.5769,3,6,11900,360.6061,85000,425000,30000,0.0706,7500
เม.ย. 69,6,84,40,0.5238,4,10,14800,370,85000,510000,41000,0.0804,22000
พ.ค. 69,8,98,50,0.4898,4,14,18700,374,85000,680000,58000,0.0853,31500
มิ.ย. 69,9,118,65,0.4492,5,19,24900,383.0769,85000,765000,79000,0.1033,43000
ก.ค. 69,10,112,62,0.4464,5,24,22100,356.4516,85000,850000,92000,0.1082,78400
ส.ค. 69,11,120,70,0.4167,6,30,28600,408.5714,85000,935000,112000,0.1198,352000
ก.ย. 69,12,130,82,0.3692,7,37,35700,435.3659,85000,1020000,146700,0.1438,56000
รวม / ล่าสุด,12,845,432,0.4888,37,37,167300,387.2685,,5610000,584700,0.1042,600900
