product_id,product_name,category
P001,Notebook Model 01,Notebook
P002,Smartphone Model 02,Smartphone
P003,Smartphone Model 03,Smartphone
P004,Smart Home Model 04,Smart Home
P005,Smartphone Model 05,Smartphone
P006,Accessory Model 06,Accessory
P007,Notebook Model 07,Notebook
P008,Accessory Model 08,Accessory
P009,Notebook Model 09,Notebook
P010,Smart Home Model 10,Smart Home
P011,Accessory Model 11,Accessory
P012,Accessory Model 12,Accessory
P013,Smart Home Model 13,Smart Home
P014,Notebook Model 14,Notebook
P015,Notebook Model 15,Notebook
P016,Accessory Model 16,Accessory
P017,Smartphone Model 17,Smartphone
P018,Smartphone Model 18,Smartphone
P019,Smartphone Model 19,Smartphone
P020,Smart Home Model 20,Smart Home
P021,Smart Home Model 21,Smart Home
P022,Accessory Model 22,Accessory
P023,Accessory Model 23,Accessory
P024,Accessory Model 24,Accessory
P025,Accessory Model 25,Accessory
P026,Smart Home Model 26,Smart Home
P027,Smartphone Model 27,Smartphone
P028,Smartphone Model 28,Smartphone
P029,Notebook Model 29,Notebook
P030,Smartphone Model 30,Smartphone
P031,Smart Home Model 31,Smart Home
P032,Notebook Model 32,Notebook
P033,Smart Home Model 33,Smart Home
P034,Accessory Model 34,Accessory
P035,Accessory Model 35,Accessory
P036,Notebook Model 36,Notebook
P037,Smart Home Model 37,Smart Home
P038,Smartphone Model 38,Smartphone
P039,Notebook Model 39,Notebook
P040,Accessory Model 40,Accessory
