order_id,order_datetime,customer_id,product_id,quantity,unit_price,discount,net_sales,payment_status,channel
ORD000001,2026-01-08 17:11:00,C0158,P039,2,940.5,0.0,1881.0,PAID,Marketplace
ORD000002,2026-01-12 20:13:00,C0123,P038,1,12900.0,0.1,11610.0,PAID,Mobile App
ORD000003,2026-01-26 14:00:00,C0119,P031,3,1415.5,0.05,4034.1749999999997,PAID,Web
ORD000004,2026-01-18 16:18:00,C0065,P003,2,25900.0,0.0,51800.0,PAID,Mobile App
ORD000005,2026-01-08 17:43:00,C0129,P007,2,23310.0,0.05,44289.0,PAID,Mobile App
ORD000006,2026-01-23 11:50:00,C0097,P037,2,27195.0,0.0,54390.0,PAID,Mobile App
ORD000007,2026-01-24 07:03:00,C0139,P001,1,284.05,0.0,284.05,PAID,Web
ORD000008,2026-01-12 16:02:00,C0060,P013,-1,523.95,0.05,-497.7525,PAID,Mobile App
ORD000009,2026-01-16 04:12:00,C0162,P017,1,990.0,0.05,940.5,PAID,Web
ORD000010,2026-01-07 03:12:00,C0100,P017,2,990.0,0.1,1782.0,PAID,Mobile App
ORD000011,2026-01-12 14:34:00,C0120,P028,2,313.95,0.0,627.9,PAID,Web
ORD000012,2026-01-08 22:35:00,C0141,P008,2,449.1,0.05,853.29,PAID,Marketplace
ORD000013,2026-01-27 22:41:00,C0110,P002,2,1341.0,0.0,2682.0,PAID,Mobile App
ORD000014,2026-01-20 07:11:00,C0142,P017,4,990.0,0.0,3960.0,PAID,Marketplace
ORD000015,2026-01-04 13:47:00,C0151,P018,2,4189.5,0.0,8379.0,PAID,Web
ORD000016,2026-01-18 06:47:00,C0072,P006,1,313.95,0.0,313.95,PAID,Mobile App
ORD000017,2026-01-27 00:37:00,C0048,P019,2,3591.0,0.0,7182.0,PAID,Mobile App
ORD000018,2026-01-05 02:59:00,C0037,P001,3,299.0,0.0,897.0,PAID,Marketplace
ORD000019,2026-01-14 22:23:00,C0159,P019,1,4189.5,0.1,3770.55,PAID,Web
ORD000020,2026-01-08 21:53:00,C0115,P007,1,25900.0,0.0,25900.0,PAID,Web
ORD000021,2026-01-18 02:04:00,C0007,P007,1,27195.0,0.05,25835.25,PAID,Web
ORD000022,2026-01-15 07:54:00,C0049,P999,2,499.0,0.0,998.0,PAID,Marketplace
ORD000023,2026-01-10 02:59:00,C0071,P034,1,299.0,0.1,269.1,FAILED,Web
ORD000024,2026-01-28 11:43:00,C0042,P033,1,13545.0,0.0,13545.0,PAID,Marketplace
ORD000025,2026-01-07 13:04:00,C0079,P011,1,25900.0,0.0,25900.0,PAID,Web
ORD000026,2026-01-04 19:15:00,C0107,P008,1,499.0,0.0,499.0,PAID,Mobile App
ORD000027,2026-01-23 14:12:00,C0143,P019,2,3790.5,0.1,6822.900000000001,PAID,Web
ORD000028,2026-01-08 05:59:00,C0139,P013,4,523.95,0.0,2095.8,PAID,Mobile App
ORD000029,2026-01-09 18:23:00,C0161,P028,1,269.1,0.1,242.19000000000003,PAID,Marketplace
ORD000030,2026-01-10 12:26:00,C0003,P006,1,299.0,0.05,284.05,PAID,Mobile App
ORD000031,2026-01-16 18:33:00,C0087,P027,1,24605.0,0.0,24605.0,PAID,Web
ORD000032,2026-01-01 14:52:00,C0085,P035,1,25900.0,0.0,25900.0,PAID,Mobile App
ORD000033,2026-01-13 17:23:00,C0164,P032,1,23310.0,0.05,22144.5,FAILED,Web
ORD000034,2026-01-24 06:21:00,C0044,P005,1,313.95,0.0,313.95,PAID,Web
ORD000035,2026-01-16 21:39:00,C0045,P033,3,12900.0,0.0,38700.0,PAID,Marketplace
ORD000035,2026-01-16 21:39:00,C0045,P033,3,12900.0,0.0,38700.0,PAID,Marketplace
ORD000036,2026-01-21 10:30:00,C0043,P005,1,299.0,0.0,299.0,PAID,Mobile App
ORD000037,2026-01-20 00:56:00,C0108,P017,4,990.0,0.0,3960.0,PAID,Web
ORD000038,2026-01-18 01:57:00,C0008,P009,1,284.05,0.05,269.8475,PAID,Mobile App
ORD000039,2026-01-28 20:23:00,C0126,P004,2,1415.5,0.0,2831.0,PAID,Marketplace
ORD000040,2026-01-15 23:19:00,C0086,P021,1,23310.0,0.0,23310.0,PAID,Marketplace
ORD000041,2026-01-11 12:38:00,C0008,P034,2,284.05,0.0,568.1,PAID,Web
ORD000042,2026-01-21 15:59:00,C0114,P032,1,25900.0,0.0,25900.0,PAID,Marketplace
ORD000043,2026-01-03 08:15:00,C0006,P018,1,3790.5,0.05,3600.975,PAID,Web
ORD000045,2026-01-16 19:17:00,C0068,P019,3,3990.0,0.0,11970.0,PAID,Marketplace
ORD000046,2026-01-21 21:21:00,C0097,P026,2,12900.0,0.1,23220.0,PAID,Mobile App
ORD000047,2026-01-01 07:56:00,C0100,P038,4,11610.0,0.0,46440.0,PAID,Web
ORD000048,2026-01-13 07:59:00,C0040,P038,2,12900.0,0.0,25800.0,PAID,Marketplace
ORD000049,2026-01-18 00:12:00,C0059,P019,1,3990.0,0.05,3790.5,PAID,Mobile App
ORD000050,2026-01-09 02:38:00,C0067,P006,1,313.95,0.0,313.95,PAID,Web
ORD000051,2026-01-24 03:14:00,C0035,P039,4,990.0,0.0,3960.0,PAID,Marketplace
ORD000052,2026-01-18 11:03:00,C0079,P035,1,23310.0,0.0,23310.0,PAID,Mobile App
ORD000053,2026-01-16 20:25:00,C0113,P019,4,3990.0,0.05,15162.0,PAID,Marketplace
ORD000054,2026-01-01 18:10:00,C0046,P035,1,25900.0,0.1,23310.0,PAID,Marketplace
ORD000055,2026-01-07 14:06:00,C0132,P027,2,23310.0,0.0,46620.0,PAID,Marketplace
ORD000056,2026-01-07 05:17:00,C0083,P017,1,990.0,0.0,990.0,PAID,Web
ORD000057,2026-01-20 22:46:00,C0054,P039,2,990.0,0.0,1980.0,PAID,Marketplace
ORD000058,2026-01-16 05:55:00,C0096,P038,2,13545.0,0.05,25735.5,PAID,Mobile App
ORD000059,2026-01-22 06:56:00,C0038,P005,1,284.05,0.0,284.05,PAID,Mobile App
ORD000060,2026-01-15 09:26:00,C0057,P005,1,299.0,0.1,269.1,PAID,Mobile App
ORD000061,2026-01-08 12:44:00,C0102,P023,2,313.95,0.1,565.11,PAID,Mobile App
ORD000062,2026-01-09 13:10:00,C0036,P020,3,499.0,0.0,1497.0,PAID,Marketplace
ORD000063,2026-01-08 01:20:00,C0034,P025,3,27195.0,0.0,81585.0,PAID,Marketplace
ORD000064,2026-01-07 21:17:00,C0152,P014,1,1039.5,0.1,935.5500000000001,PAID,Web
ORD000065,2026-01-20 12:44:00,C0160,P031,3,1490.0,0.0,4470.0,PAID,Web
ORD000066,2026-01-25 12:56:00,C0162,P039,2,990.0,0.0,1980.0,PAID,Web
ORD000067,2026-01-11 23:34:00,C0125,P035,1,25900.0,0.0,25900.0,PAID,Mobile App
ORD000068,2026-01-15 21:59:00,C0052,P039,1,940.5,0.05,893.4749999999999,PAID,Mobile App
ORD000069,2026-01-09 12:18:00,C0081,P039,1,1039.5,0.0,1039.5,PAID,Web
ORD000070,2026-01-28 09:39:00,C0069,P014,4,1039.5,0.0,4158.0,PAID,Marketplace
ORD000071,2026-01-01 22:56:00,C0021,P008,1,523.95,0.0,523.95,PAID,Web
ORD000072,2026-01-24 22:09:00,C0028,P032,4,23310.0,0.05,88578.0,PAID,Mobile App
ORD000073,2026-01-13 05:31:00,C0009,P022,1,474.05,0.0,474.05,PAID,Web
ORD000074,2026-01-17 10:33:00,C0110,P031,4,1490.0,0.0,5960.0,PAID,Marketplace
ORD000075,2026-01-22 08:13:00,C0039,P007,2,24605.0,0.05,46749.5,PAID,Web
ORD000076,2026-01-08 10:52:00,C0163,P033,1,11610.0,0.1,10449.0,PAID,Marketplace
ORD000077,2026-01-08 04:24:00,C0143,P026,2,12255.0,0.0,24510.0,PAID,Web
ORD000078,2026-01-22 17:21:00,C0070,P017,1,1039.5,0.05,987.525,PAID,Marketplace
ORD000079,2026-01-05 10:50:00,C0005,P037,1,25900.0,0.1,23310.0,PAID,Mobile App
ORD000080,2026-01-28 17:30:00,C0008,P019,3,4189.5,0.05,11940.074999999999,PAID,Marketplace
ORD000081,2026-01-11 02:57:00,C0061,P018,4,3591.0,0.0,14364.0,PAID,Web
ORD000082,2026-01-21 18:06:00,C0147,P020,2,474.05,0.1,853.2900000000001,PAID,Marketplace
ORD000083,2026-01-17 01:19:00,C0070,P021,1,25900.0,0.0,25900.0,PAID,Web
ORD000084,2026-01-27 07:52:00,C0132,P026,1,11610.0,0.0,11610.0,PAID,Web
ORD000085,2026-01-20 05:05:00,C0145,P003,2,24605.0,0.0,49210.0,PAID,Mobile App
ORD000086,2026-01-22 09:30:00,C0038,P015,4,269.1,0.0,1076.4,PAID,Web
ORD000087,2026-01-25 05:31:00,C0068,P001,3,299.0,0.0,897.0,PAID,Web
ORD000088,2026-01-28 21:16:00,C0118,P024,2,284.05,0.1,511.29,PAID,Web
ORD000089,2026-01-26 04:55:00,C0070,P026,1,12900.0,0.0,12900.0,PAID,Web
ORD000090,2026-01-19 00:37:00,C0083,P038,1,12900.0,0.0,12900.0,PAID,Marketplace
ORD000091,2026-01-18 10:20:00,C0156,P037,1,25900.0,0.05,24605.0,PAID,Mobile App
ORD000092,2026-01-16 20:33:00,C0086,P006,1,313.95,0.0,313.95,PAID,Web
ORD000093,2026-01-17 23:56:00,C0160,P013,2,523.95,0.05,995.505,FAILED,Web
ORD000094,2026-01-05 03:21:00,C0014,P012,1,1039.5,0.1,935.5500000000001,PAID,Marketplace
ORD000095,2026-01-01 19:36:00,C0062,P020,2,499.0,0.0,998.0,PAID,Web
ORD000096,2026-01-26 20:50:00,C0090,P024,2,284.05,0.0,568.1,PAID,Mobile App
ORD000097,2026-01-16 01:11:00,C0008,P009,4,299.0,0.0,1196.0,PAID,Marketplace
ORD000098,2026-01-14 04:53:00,C0099,P016,2,1490.0,0.1,2682.0,PAID,Marketplace
ORD000099,2026-01-24 06:51:00,C0136,P039,3,1039.5,0.0,3118.5,PAID,Mobile App
ORD000100,2026-01-05 13:19:00,C0014,P038,2,13545.0,0.0,27090.0,PAID,Mobile App
ORD000101,2026-01-20 04:47:00,C0093,P034,1,284.05,0.0,284.05,FAILED,Web
ORD000101,2026-01-20 04:47:00,C0093,P034,1,284.05,0.0,284.05,FAILED,Web
ORD000102,2026-01-05 07:29:00,C0078,P002,4,1341.0,0.05,5095.8,PAID,Mobile App
ORD000103,2026-01-11 07:18:00,C0079,P014,1,940.5,0.1,846.45,PAID,Web
ORD000104,2026-01-13 17:48:00,C0157,P036,2,299.0,0.1,538.2,PAID,Marketplace
ORD000105,2026-01-07 02:25:00,C0099,P002,2,1341.0,0.1,2413.8,PAID,Mobile App
ORD000106,2026-01-07 13:52:00,C0157,P008,4,474.05,0.1,1706.5800000000002,REFUNDED,Marketplace
ORD000107,2026-01-23 21:07:00,C0065,P023,2,299.0,0.0,598.0,PAID,Web
ORD000108,2026-01-17 22:05:00,C0138,P029,4,3990.0,0.0,15960.0,PAID,Web
ORD000109,2026-01-19 03:38:00,C0140,P033,1,13545.0,0.0,13545.0,PAID,Web
ORD000110,2026-01-27 22:29:00,C0066,P002,3,1341.0,0.0,4023.0,PAID,Marketplace
ORD000111,2026-01-04 17:27:00,C0146,P008,3,449.1,0.0,1347.3000000000002,PAID,Mobile App
ORD000112,2026-01-18 09:59:00,C0097,P034,2,313.95,0.05,596.505,FAILED,Web
ORD000113,2026-01-03 06:56:00,C0024,P027,3,24605.0,0.0,73815.0,PAID,Mobile App
ORD000114,2026-01-01 13:09:00,C0050,P014,3,1039.5,0.0,3118.5,PAID,Web
ORD000115,2026-01-21 07:56:00,C0085,P009,4,313.95,0.0,1255.8,PAID,Mobile App
ORD000116,2026-01-24 08:29:00,C0073,P002,4,1341.0,0.0,5364.0,PAID,Web
ORD000117,2026-01-09 09:51:00,C0012,P016,1,1415.5,0.0,1415.5,PAID,Marketplace
ORD000117,2026-01-09 09:51:00,C0012,P016,1,1415.5,0.0,1415.5,PAID,Marketplace
ORD000118,2026-01-21 07:02:00,C0075,P025,1,23310.0,0.05,22144.5,PAID,Web
ORD000119,2026-01-25 09:48:00,C0007,P022,1,449.1,0.0,449.1,PAID,Web
ORD000120,2026-01-15 14:33:00,C0092,P020,4,499.0,0.0,1996.0,PAID,Web
ORD000121,2026-01-05 17:34:00,C0052,P006,1,313.95,0.0,313.95,REFUNDED,Web
ORD000122,2026-01-08 11:24:00,C0051,P010,3,891.0,0.1,2405.7000000000003,PAID,Mobile App
ORD000123,2026-01-08 18:25:00,C0035,P024,1,313.95,0.0,313.95,PAID,Mobile App
ORD000124,2026-01-15 01:56:00,C0012,P007,1,27195.0,0.05,25835.25,PAID,Web
ORD000124,2026-01-15 01:56:00,C0012,P007,1,27195.0,0.05,25835.25,PAID,Web
ORD000125,2026-01-24 01:22:00,C0155,P003,1,25900.0,0.0,25900.0,PAID,Web
ORD000126,2026-01-03 20:15:00,C0056,P022,1,523.95,0.05,497.7525,PAID,Marketplace
ORD000127,2026-01-27 13:30:00,C0060,P040,3,3790.5,0.05,10802.925,PAID,Mobile App
ORD000128,2026-01-13 09:03:00,C0138,P012,3,940.5,0.0,2821.5,PAID,Mobile App
ORD000129,2026-01-24 16:44:00,C0098,P031,1,1490.0,0.0,1490.0,PAID,Mobile App
ORD000130,2026-01-07 01:39:00,C0067,P006,2,299.0,0.05,568.1,FAILED,Web
ORD000131,2026-01-03 03:34:00,C0101,P010,2,891.0,0.05,1692.8999999999999,PAID,Marketplace
ORD000132,2026-01-28 02:40:00,C0146,P022,1,523.95,0.1,471.55500000000006,PAID,Marketplace
ORD000133,2026-01-11 15:42:00,C0078,P008,3,449.1,0.0,1347.3000000000002,PAID,Marketplace
ORD000134,2026-01-08 15:18:00,C0007,P018,2,3591.0,0.05,6822.9,PAID,Marketplace
ORD000135,2026-01-15 04:33:00,C0076,P027,2,25900.0,0.05,49210.0,PAID,Mobile App
ORD000136,2026-01-18 05:28:00,C0052,P003,2,25900.0,0.0,51800.0,PAID,Mobile App
ORD000137,2026-01-07 00:33:00,C0003,P039,2,990.0,0.05,1881.0,PAID,Marketplace
ORD000138,2026-01-08 13:50:00,C0145,P030,1,474.05,0.1,426.64500000000004,PAID,Mobile App
ORD000139,2026-01-05 03:18:00,C0075,P016,1,1490.0,0.0,1490.0,PAID,Web
ORD000140,2026-01-04 00:24:00,C0132,P023,1,269.1,0.05,255.645,PAID,Marketplace
ORD000141,2026-01-14 11:29:00,C0069,P011,2,23310.0,0.0,46620.0,PAID,Web
ORD000142,2026-01-08 05:30:00,C0127,P010,2,891.0,0.0,1782.0,FAILED,Web
ORD000143,2026-01-18 23:04:00,C0133,P007,1,25900.0,0.05,24605.0,PAID,Web
ORD000144,2026-01-24 18:59:00,C0165,P036,2,284.05,0.0,568.1,PAID,Web
ORD000145,2026-01-11 18:33:00,C0142,P009,1,313.95,0.1,282.555,PAID,Web
ORD000146,2026-01-13 00:04:00,C0096,P023,1,299.0,0.0,299.0,PAID,Marketplace
ORD000147,2026-01-24 10:34:00,C0114,P001,1,299.0,0.0,299.0,PAID,Marketplace
ORD000148,2026-01-16 20:05:00,C0121,P040,1,3591.0,0.05,3411.45,FAILED,Mobile App
ORD000149,2026-01-04 10:57:00,C0033,P028,1,299.0,0.05,284.05,PAID,Mobile App
ORD000150,2026-01-11 10:12:00,C0067,P033,2,12900.0,0.0,25800.0,PAID,Mobile App
ORD000151,2026-01-06 02:33:00,C0004,P036,1,269.1,0.0,269.1,PAID,Mobile App
ORD000152,2026-01-20 15:01:00,C0026,P040,2,3990.0,0.0,7980.0,PAID,Marketplace
ORD000153,2026-01-08 04:09:00,C0120,P011,1,25900.0,0.0,25900.0,PAID,Mobile App
ORD000154,2026-01-04 03:08:00,C0047,P009,4,299.0,0.0,1196.0,PAID,Marketplace
ORD000155,2026-01-19 06:03:00,C0130,P014,4,990.0,0.0,3960.0,PAID,Web
ORD000156,2026-01-07 14:35:00,C0014,P001,2,269.1,0.0,538.2,PAID,Marketplace
ORD000157,2026-01-13 09:28:00,C0054,P024,1,299.0,0.0,299.0,PAID,Marketplace
ORD000158,2026-01-14 21:41:00,C0073,P027,1,23310.0,0.05,22144.5,PAID,Web
ORD000159,2026-01-08 21:42:00,C0141,P006,1,284.05,0.05,269.8475,PAID,Mobile App
ORD000160,2026-01-15 17:15:00,C0059,P014,2,990.0,0.0,1980.0,PAID,Mobile App
ORD000161,2026-01-11 15:47:00,C0092,P012,1,891.0,0.05,846.4499999999999,PAID,Mobile App
ORD000162,2026-01-24 04:41:00,C0130,P002,2,1415.5,0.05,2689.45,PAID,Mobile App
ORD000163,2026-01-24 22:34:00,C0093,P037,1,24605.0,0.1,22144.5,PAID,Marketplace
ORD000164,2026-01-06 04:10:00,C0112,P033,3,11610.0,0.0,34830.0,PAID,Marketplace
ORD000165,2026-01-26 09:37:00,C0002,P024,1,299.0,0.0,299.0,PAID,Marketplace
ORD000166,2026-01-05 14:37:00,C0001,P027,3,27195.0,0.0,81585.0,PAID,Web
ORD000167,2026-01-04 15:26:00,C0151,P006,1,284.05,0.1,255.645,FAILED,Web
ORD000168,2026-01-10 11:34:00,C0004,P019,3,3990.0,0.0,11970.0,PAID,Marketplace
ORD000169,2026-01-23 15:45:00,C0073,P018,1,3591.0,0.1,3231.9,PAID,Marketplace
ORD000170,2026-01-18 21:15:00,C0004,P020,1,499.0,0.0,499.0,PAID,Marketplace
ORD000171,2026-01-26 20:58:00,C0160,P010,2,891.0,0.0,1782.0,PAID,Web
ORD000172,2026-01-20 16:52:00,C0028,P034,1,299.0,0.1,269.1,PAID,Mobile App
ORD000173,2026-01-03 06:14:00,C0137,P007,3,27195.0,0.0,81585.0,PAID,Marketplace
ORD000174,2026-01-28 23:11:00,C0075,P018,4,3990.0,0.05,15162.0,PAID,Marketplace
ORD000175,2026-01-26 17:56:00,C0088,P004,3,1564.5,0.0,4693.5,PAID,Marketplace
ORD000175,2026-01-26 17:56:00,C0088,P004,3,1564.5,0.0,4693.5,PAID,Marketplace
ORD000176,2026-01-21 02:49:00,C0120,P025,2,27195.0,0.0,54390.0,PAID,Mobile App
ORD000177,2026-01-04 02:29:00,C0015,P027,2,23310.0,0.05,44289.0,PAID,Mobile App
ORD000178,2026-01-26 22:57:00,C0127,P028,4,299.0,0.0,1196.0,PAID,Mobile App
ORD000179,2026-01-22 06:53:00,C0147,P012,4,940.5,0.05,3573.8999999999996,FAILED,Marketplace
ORD000180,2026-01-06 14:27:00,C0026,P021,1,23310.0,0.0,23310.0,PAID,Marketplace
ORD000181,2026-01-17 22:36:00,C0078,P007,1,25900.0,0.0,25900.0,PAID,Mobile App
ORD000182,2026-01-19 01:42:00,C0135,P025,1,23310.0,0.0,23310.0,PAID,Mobile App
ORD000183,2026-01-11 14:35:00,C0044,P038,3,11610.0,0.0,34830.0,PAID,Web
ORD000184,2026-01-17 11:36:00,C0154,P019,4,3790.5,0.0,15162.0,PAID,Web
ORD000185,2026-01-08 11:35:00,C0140,P028,4,269.1,0.1,968.7600000000001,PAID,Mobile App
ORD000186,2026-01-11 06:19:00,C0077,P003,1,27195.0,0.0,27195.0,FAILED,Marketplace
ORD000187,2026-01-22 17:38:00,C0092,P039,2,990.0,0.0,1980.0,PAID,Marketplace
ORD000188,2026-01-22 03:20:00,C0047,P031,4,1490.0,0.05,5662.0,PAID,Marketplace
ORD000189,2026-01-09 07:30:00,C0165,P008,2,523.95,0.1,943.1100000000001,PAID,Marketplace
ORD000190,2026-01-28 04:14:00,C0129,P025,4,27195.0,0.0,108780.0,PAID,Marketplace
ORD000191,2026-01-17 08:52:00,C0011,P023,1,299.0,0.0,299.0,PAID,Mobile App
ORD000192,2026-01-13 01:30:00,C0101,P039,1,1039.5,0.0,1039.5,PAID,Web
ORD000193,2026-01-18 00:15:00,C0052,P005,2,299.0,0.1,538.2,PAID,Mobile App
ORD000194,2026-01-22 00:46:00,C0113,P001,1,299.0,0.1,269.1,PAID,Marketplace
ORD000195,2026-01-11 22:27:00,C0094,P014,2,990.0,0.0,1980.0,PAID,Mobile App
ORD000196,2026-01-20 08:53:00,C0132,P007,1,25900.0,0.1,23310.0,PAID,Web
ORD000197,2026-01-06 22:25:00,C0099,P002,1,1415.5,0.05,1344.725,PAID,Web
ORD000198,2026-01-22 16:13:00,C0040,P012,4,990.0,0.1,3564.0,PAID,Marketplace
ORD000199,2026-01-21 10:46:00,C0161,P010,2,891.0,0.0,1782.0,PAID,Mobile App
ORD000200,2026-01-01 14:06:00,C0097,P004,2,1341.0,0.0,2682.0,PAID,Mobile App
ORD000201,2026-01-22 12:04:00,C0059,P022,4,449.1,0.0,1796.4,PAID,Marketplace
ORD000202,2026-01-04 08:21:00,C0019,P027,2,23310.0,0.05,44289.0,PAID,Web
ORD000203,2026-01-12 15:24:00,C0083,P025,1,25900.0,0.0,25900.0,PAID,Mobile App
ORD000204,2026-01-06 00:39:00,C0131,P036,2,313.95,0.0,627.9,PAID,Mobile App
ORD000205,2026-01-17 13:52:00,C0160,P030,4,499.0,0.05,1896.1999999999998,FAILED,Web
ORD000206,2026-01-06 21:44:00,C0008,P023,4,269.1,0.0,1076.4,PAID,Web
ORD000207,2026-01-11 04:13:00,C0052,P001,1,313.95,0.0,313.95,PAID,Marketplace
ORD000208,2026-01-25 17:56:00,C0024,P037,4,23310.0,0.1,83916.0,PAID,Web
ORD000209,2026-01-14 02:39:00,C0067,P006,1,284.05,0.0,284.05,PAID,Marketplace
ORD000210,2026-01-26 09:51:00,C0013,P009,1,299.0,0.0,299.0,PAID,Mobile App
ORD000211,2026-01-24 08:11:00,C0066,P022,2,499.0,0.05,948.0999999999999,PAID,Web
ORD000212,2026-01-10 23:01:00,C0071,P001,2,284.05,0.1,511.29,PAID,Marketplace
ORD000213,2026-01-17 11:40:00,C0025,P021,1,25900.0,0.0,25900.0,PAID,Marketplace
ORD000214,2026-01-09 14:42:00,C0014,P019,2,3990.0,0.0,7980.0,PAID,Web
ORD000215,2026-01-21 10:20:00,C0040,P036,2,299.0,0.05,568.1,PAID,Web
ORD000216,2026-01-28 05:31:00,C0024,P033,1,12255.0,0.0,12255.0,PAID,Marketplace
ORD000217,2026-01-16 22:43:00,C0081,P028,1,284.05,0.05,269.8475,REFUNDED,Mobile App
ORD000218,2026-01-01 18:45:00,C0072,P020,3,474.05,0.1,1279.9350000000002,PAID,Mobile App
ORD000219,2026-01-10 09:38:00,C0081,P021,1,27195.0,0.0,27195.0,PAID,Web
ORD000220,2026-01-12 20:20:00,C0135,P037,1,24605.0,0.0,24605.0,PAID,Marketplace
ORD000221,2026-01-25 21:10:00,C0157,P008,4,523.95,0.05,1991.01,PAID,Marketplace
ORD000222,2026-01-23 20:37:00,C0109,P027,1,24605.0,0.1,22144.5,PAID,Mobile App
ORD000223,2026-01-17 01:11:00,C0051,P014,2,940.5,0.0,1881.0,PAID,Marketplace
ORD000224,2026-01-14 21:18:00,C0012,P031,1,1490.0,0.0,1490.0,PAID,Web
ORD000224,2026-01-14 21:18:00,C0012,P031,1,1490.0,0.0,1490.0,PAID,Web
ORD000225,2026-01-16 05:19:00,C0135,P025,1,23310.0,0.05,22144.5,PAID,Mobile App
ORD000226,2026-01-08 17:35:00,C0064,P003,3,23310.0,0.0,69930.0,PAID,Mobile App
ORD000227,2026-01-02 17:13:00,C0007,P016,1,1490.0,0.0,1490.0,PAID,Marketplace
ORD000228,2026-01-17 20:14:00,C0053,P028,3,299.0,0.0,897.0,PAID,Web
ORD000229,2026-01-08 13:18:00,C0008,P017,2,940.5,0.0,1881.0,PAID,Mobile App
ORD000230,2026-01-19 20:00:00,C0160,P015,4,299.0,0.1,1076.4,PAID,Web
ORD000231,2026-01-11 10:24:00,C0033,P038,1,12900.0,0.0,12900.0,PAID,Web
ORD000232,2026-01-08 03:01:00,C0004,P008,1,499.0,0.05,474.04999999999995,PAID,Marketplace
ORD000233,2026-01-18 08:14:00,C0085,P007,2,25900.0,0.0,51800.0,PAID,Marketplace
ORD000234,2026-01-06 03:24:00,C0025,P026,2,12900.0,0.0,25800.0,PAID,Marketplace
ORD000235,2026-01-12 09:30:00,C0087,P030,3,499.0,0.0,1497.0,PAID,Marketplace
ORD000236,2026-01-19 05:22:00,C0068,P027,1,23310.0,0.05,22144.5,PAID,Marketplace
ORD000237,2026-01-17 04:02:00,C0020,P030,3,523.95,0.1,1414.6650000000002,PAID,Web
ORD000238,2026-01-10 23:15:00,C0140,P034,2,313.95,0.0,627.9,PAID,Marketplace
ORD000239,2026-01-27 08:24:00,C0044,P004,2,1490.0,0.0,2980.0,PAID,Marketplace
ORD000240,2026-01-01 04:54:00,C0091,P018,1,3990.0,0.0,3990.0,PAID,Mobile App
ORD000241,2026-01-24 06:52:00,C0003,P026,3,12255.0,0.0,36765.0,PAID,Web
ORD000242,2026-01-08 00:54:00,C0106,P016,2,1490.0,0.0,2980.0,PAID,Web
ORD000243,2026-01-19 16:38:00,C0129,P013,3,499.0,0.1,1347.3,PAID,Mobile App
ORD000244,2026-01-16 14:15:00,C0153,P029,2,3990.0,0.05,7581.0,PAID,Web
ORD000245,2026-01-11 05:18:00,C0058,P031,1,1415.5,0.1,1273.95,PAID,Web
ORD000246,2026-01-12 03:50:00,C0107,P028,1,269.1,0.05,255.645,PAID,Mobile App
ORD000247,2026-01-20 00:13:00,C0025,P029,2,4189.5,0.05,7960.049999999999,PAID,Web
ORD000248,2026-01-14 08:37:00,C0144,P009,1,284.05,0.0,284.05,PAID,Mobile App
ORD000249,2026-01-04 01:05:00,C0121,P008,3,499.0,0.0,1497.0,PAID,Web
ORD000250,2026-01-20 22:06:00,C0160,P039,3,891.0,0.05,2539.35,PAID,Web
ORD000251,2026-01-10 23:16:00,C0014,P010,3,891.0,0.1,2405.7000000000003,PAID,Web
ORD000252,2026-01-12 07:49:00,C0068,P020,1,449.1,0.1,404.19000000000005,PAID,Web
ORD000253,2026-01-05 12:14:00,C0139,P029,4,3990.0,0.1,14364.0,PAID,Marketplace
ORD000254,2026-01-02 14:40:00,C0030,P012,2,990.0,0.0,1980.0,PAID,Mobile App
ORD000255,2026-01-26 05:45:00,C0090,P010,2,940.5,0.0,1881.0,PAID,Mobile App
ORD000256,2026-01-07 08:04:00,C0056,P024,4,299.0,0.0,1196.0,FAILED,Mobile App
ORD000257,2026-01-15 04:48:00,C0016,P014,1,990.0,0.05,940.5,PAID,Mobile App
ORD000258,2026-01-02 00:35:00,C0050,P002,4,1490.0,0.0,5960.0,PAID,Web
ORD000259,2026-01-18 01:24:00,C0102,P039,3,1039.5,0.1,2806.65,PAID,Marketplace
ORD000260,2026-01-06 12:56:00,C0151,P029,4,4189.5,0.1,15082.2,PAID,Marketplace
ORD000261,2026-01-19 00:17:00,C0037,P032,1,25900.0,0.0,25900.0,PAID,Web
ORD000262,2026-01-24 01:10:00,C0049,P013,2,499.0,0.0,998.0,FAILED,Marketplace
ORD000263,2026-01-21 09:23:00,C0019,P019,2,3990.0,0.1,7182.0,PAID,Mobile App
ORD000264,2026-01-15 23:38:00,C0110,P018,2,3990.0,0.1,7182.0,PAID,Mobile App
ORD000265,2026-01-25 21:34:00,C0116,P031,2,1490.0,0.05,2831.0,PAID,Web
ORD000266,2026-01-23 00:34:00,C0010,P037,2,24605.0,0.1,44289.0,REFUNDED,Mobile App
ORD000267,2026-01-04 08:54:00,C0164,P023,4,284.05,0.0,1136.2,PAID,Marketplace
ORD000268,2026-01-13 08:12:00,C0045,P018,3,3591.0,0.0,10773.0,PAID,Mobile App
ORD000268,2026-01-13 08:12:00,C0045,P018,3,3591.0,0.0,10773.0,PAID,Mobile App
ORD000269,2026-01-16 02:11:00,C0115,P012,4,1039.5,0.0,4158.0,PAID,Marketplace
ORD000270,2026-01-12 19:00:00,C0087,P030,3,449.1,0.05,1279.9350000000002,PAID,Web
ORD000271,2026-01-07 11:25:00,C0091,P035,2,23310.0,0.0,46620.0,PAID,Web
ORD000272,2026-01-19 03:26:00,C0159,P038,1,13545.0,0.0,13545.0,PAID,Mobile App
ORD000273,2026-01-12 05:23:00,C0008,P005,1,269.1,0.0,269.1,PAID,Mobile App
ORD000274,2026-01-10 19:46:00,C0157,P028,2,299.0,0.0,598.0,PAID,Web
ORD000275,2026-01-28 07:37:00,C0031,P032,1,23310.0,0.0,23310.0,PAID,Mobile App
ORD000276,2026-01-17 00:45:00,C0163,P013,1,523.95,0.1,471.55500000000006,PAID,Marketplace
ORD000277,2026-01-08 09:08:00,C0007,P009,3,299.0,0.0,897.0,PAID,Marketplace
ORD000278,2026-01-09 23:49:00,C0002,P015,2,313.95,0.0,627.9,PAID,Marketplace
ORD000279,2026-01-21 01:07:00,C0004,P040,2,3990.0,0.0,7980.0,PAID,Mobile App
ORD000280,2026-01-27 03:52:00,C0101,P004,2,1490.0,0.05,2831.0,PAID,Web
ORD000281,2026-01-04 23:47:00,C0099,P011,1,23310.0,0.0,23310.0,PAID,Mobile App
ORD000282,2026-01-18 02:19:00,C0137,P026,1,12900.0,0.0,12900.0,PAID,Marketplace
ORD000283,2026-01-05 22:30:00,C0078,P010,2,1039.5,0.0,2079.0,PAID,Web
ORD000284,2026-01-07 09:47:00,C0115,P035,3,25900.0,0.0,77700.0,PAID,Web
ORD000285,2026-01-02 15:23:00,C0094,P025,2,27195.0,0.05,51670.5,FAILED,Mobile App
ORD000286,2026-01-25 11:47:00,C0106,P027,2,25900.0,0.05,49210.0,PAID,Marketplace
ORD000287,2026-01-17 00:04:00,C0074,P026,1,12255.0,0.0,12255.0,PAID,Marketplace
ORD000288,2026-01-07 04:21:00,C0005,P029,3,3990.0,0.0,11970.0,PAID,Marketplace
ORD000289,2026-01-15 09:31:00,C0083,P029,3,3790.5,0.0,11371.5,PAID,Marketplace
ORD000290,2026-01-12 13:01:00,C0038,P034,4,299.0,0.0,1196.0,PAID,Web
ORD000291,2026-01-27 10:12:00,C0158,P036,3,299.0,0.1,807.3000000000001,PAID,Mobile App
ORD000292,2026-01-24 12:23:00,C0130,P013,1,474.05,0.05,450.34749999999997,PAID,Mobile App
ORD000293,2026-01-12 19:17:00,C0048,P037,3,24605.0,0.0,73815.0,PAID,Web
ORD000294,2026-01-08 14:54:00,C0109,P007,1,27195.0,0.05,25835.25,FAILED,Mobile App
ORD000295,2026-01-04 05:04:00,C0054,P036,2,313.95,0.1,565.11,PAID,Mobile App
ORD000296,2026-01-16 06:57:00,C0104,P036,1,284.05,0.0,284.05,PAID,Marketplace
ORD000297,2026-01-15 13:14:00,C0123,P019,2,3990.0,0.05,7581.0,PAID,Mobile App
ORD000298,2026-01-27 17:42:00,C0122,P039,2,891.0,0.1,1603.8,PAID,Marketplace
ORD000299,2026-01-02 22:35:00,C0009,P021,3,24605.0,0.1,66433.5,PAID,Web
ORD000300,2026-01-20 05:53:00,C0138,P009,2,269.1,0.1,484.38000000000005,PAID,Web
ORD000301,2026-01-12 08:38:00,C0013,P040,4,3990.0,0.0,15960.0,PAID,Marketplace
ORD000302,2026-01-02 04:34:00,C0081,P026,1,11610.0,0.05,11029.5,PAID,Mobile App
ORD000303,2026-01-20 15:52:00,C0101,P026,4,12900.0,0.0,51600.0,PAID,Marketplace
ORD000304,2026-01-04 19:27:00,C0147,P009,4,313.95,0.0,1255.8,PAID,Mobile App
ORD000305,2026-01-26 21:33:00,C0116,P030,1,499.0,0.05,474.04999999999995,PAID,Web
ORD000306,2026-01-22 16:20:00,C0126,P032,1,27195.0,0.0,27195.0,PAID,Mobile App
ORD000307,2026-01-14 05:12:00,C0109,P039,3,1039.5,0.0,3118.5,PAID,Web
ORD000308,2026-01-06 21:33:00,C0019,P037,4,23310.0,0.0,93240.0,PAID,Marketplace
ORD000309,2026-01-16 01:10:00,C0081,P015,1,299.0,0.0,299.0,PAID,Marketplace
ORD000310,2026-01-13 04:56:00,C0029,P026,1,12900.0,0.0,12900.0,FAILED,Mobile App
ORD000311,2026-01-13 17:06:00,C0144,P032,3,25900.0,0.1,69930.0,PAID,Mobile App
ORD000312,2026-01-04 13:24:00,C0011,P026,1,12900.0,0.0,12900.0,PAID,Mobile App
ORD000313,2026-01-18 16:23:00,C0088,P025,4,23310.0,0.0,93240.0,FAILED,Marketplace
ORD000313,2026-01-18 16:23:00,C0088,P025,4,23310.0,0.0,93240.0,FAILED,Marketplace
ORD000314,2026-01-01 06:01:00,C0027,P022,1,449.1,0.05,426.645,FAILED,Web
ORD000315,2026-01-21 13:58:00,C0037,P016,1,1564.5,0.0,1564.5,PAID,Marketplace
ORD000316,2026-01-15 06:25:00,C0140,P021,1,27195.0,0.0,27195.0,PAID,Web
ORD000317,2026-01-26 07:49:00,C0068,P022,1,499.0,0.0,499.0,PAID,Marketplace
ORD000318,2026-01-04 17:13:00,C0008,P002,1,1490.0,0.0,1490.0,PAID,Mobile App
ORD000319,2026-01-28 14:43:00,C0150,P013,1,499.0,0.0,499.0,PAID,Web
ORD000320,2026-01-05 23:01:00,C0109,P008,1,523.95,0.0,523.95,PAID,Marketplace
ORD000321,2026-01-04 08:53:00,C0079,P014,1,990.0,0.1,891.0,PAID,Mobile App
ORD000322,2026-01-21 08:25:00,C0111,P036,1,284.05,0.0,284.05,FAILED,Web
ORD000323,2026-01-28 04:05:00,C0151,P032,1,25900.0,0.0,25900.0,PAID,Mobile App
ORD000324,2026-01-13 14:46:00,C0044,P039,3,891.0,0.1,2405.7000000000003,PAID,Mobile App
ORD000325,2026-01-07 06:28:00,C0012,P018,1,4189.5,0.0,4189.5,PAID,Mobile App
ORD000325,2026-01-07 06:28:00,C0012,P018,1,4189.5,0.0,4189.5,PAID,Mobile App
ORD000326,2026-01-26 10:56:00,C0100,P008,2,449.1,0.0,898.2,REFUNDED,Mobile App
ORD000327,2026-01-09 08:32:00,C0123,P020,3,474.05,0.0,1422.15,PAID,Mobile App
ORD000328,2026-01-23 13:01:00,C0046,P016,2,1341.0,0.0,2682.0,PAID,Mobile App
ORD000329,2026-01-24 00:32:00,C0140,P008,1,499.0,0.05,474.04999999999995,PAID,Marketplace
ORD000330,2026-01-12 11:00:00,C0020,P028,3,269.1,0.0,807.3000000000001,PAID,Web
ORD000331,2026-01-24 02:37:00,C0090,P035,1,24605.0,0.0,24605.0,PAID,Marketplace
ORD000332,2026-01-23 04:50:00,C0135,P003,2,25900.0,0.05,49210.0,PAID,Marketplace
ORD000333,2026-01-20 03:21:00,C0143,P011,2,25900.0,0.0,51800.0,PAID,Web
ORD000334,2026-01-03 11:55:00,C0090,P021,1,24605.0,0.1,22144.5,PAID,Mobile App
ORD000335,2026-01-18 07:01:00,C0114,P019,2,3990.0,0.0,7980.0,PAID,Web
ORD000336,2026-01-27 00:17:00,C0058,P021,2,24605.0,0.0,49210.0,PAID,Marketplace
ORD000337,2026-01-16 00:09:00,C0061,P019,1,3990.0,0.1,3591.0,PAID,Mobile App
ORD000338,2026-01-27 15:41:00,C0036,P024,2,313.95,0.0,627.9,PAID,Marketplace
ORD000339,2026-01-24 07:46:00,C0140,P003,2,24605.0,0.0,49210.0,PAID,Web
ORD000340,2026-01-21 07:12:00,C0040,P005,3,313.95,0.0,941.8499999999999,PAID,Mobile App
ORD000341,2026-01-24 01:27:00,C0159,P012,1,891.0,0.0,891.0,PAID,Marketplace
ORD000342,2026-01-26 00:15:00,C0029,P036,3,299.0,0.1,807.3000000000001,PAID,Web
ORD000343,2026-01-24 15:07:00,C0008,P033,4,12900.0,0.0,51600.0,PAID,Mobile App
ORD000344,2026-01-03 07:19:00,C0140,P032,4,23310.0,0.0,93240.0,PAID,Marketplace
ORD000345,2026-01-06 18:55:00,C0129,P012,1,940.5,0.0,940.5,PAID,Web
ORD000346,2026-01-17 20:22:00,C0018,P021,4,24605.0,0.0,98420.0,PAID,Web
ORD000347,2026-01-02 23:31:00,C0145,P037,1,25900.0,0.0,25900.0,REFUNDED,Mobile App
ORD000348,2026-01-08 09:01:00,C0079,P010,4,891.0,0.0,3564.0,PAID,Marketplace
ORD000349,2026-01-13 15:09:00,C0011,P027,4,23310.0,0.1,83916.0,PAID,Mobile App
ORD000350,2026-01-11 09:57:00,C0155,P024,2,269.1,0.05,511.29,PAID,Mobile App
ORD000351,2026-01-17 17:41:00,C0119,P030,2,499.0,0.0,998.0,PAID,Marketplace
ORD000352,2026-01-21 13:44:00,C0076,P022,1,449.1,0.05,426.645,PAID,Marketplace
ORD000353,2026-01-22 13:13:00,C0032,P006,1,299.0,0.0,299.0,PAID,Marketplace
ORD000354,2026-01-19 08:37:00,C0032,P023,1,299.0,0.0,299.0,PAID,Marketplace
ORD000355,2026-01-10 07:21:00,C0112,P016,1,1564.5,0.0,1564.5,PAID,Marketplace
ORD000356,2026-01-02 23:47:00,C0158,P016,2,1564.5,0.05,2972.5499999999997,PAID,Marketplace
ORD000357,2026-01-18 15:19:00,C0087,P020,2,449.1,0.05,853.29,PAID,Marketplace
ORD000358,2026-01-05 18:00:00,C0063,P002,4,1415.5,0.1,5095.8,PAID,Mobile App
ORD000359,2026-01-14 22:16:00,C0151,P016,1,1564.5,0.0,1564.5,PAID,Marketplace
ORD000360,2026-01-24 07:27:00,C0009,P015,2,269.1,0.0,538.2,PAID,Marketplace
ORD000056,2026-01-07 05:17:00,C0083,P017,1,990.0,0.0,990.0,PAID,Web
ORD000361,2026-02-19 02:59:00,C0124,P019,1,4189.5,0.05,3980.0249999999996,PAID,Web
ORD000362,2026-02-20 07:33:00,C0072,P039,2,940.5,0.05,1786.9499999999998,PAID,Web
ORD000363,2026-02-08 06:17:00,C0136,P014,2,940.5,0.05,1786.9499999999998,PAID,Mobile App
ORD000364,2026-02-16 06:58:00,C0077,P038,2,12900.0,0.0,25800.0,PAID,Web
ORD000365,2026-02-23 13:30:00,C0139,P004,2,1490.0,0.0,2980.0,PAID,Marketplace
ORD000366,2026-02-14 20:28:00,C0088,P004,1,1490.0,0.0,1490.0,PAID,Marketplace
ORD000366,2026-02-14 20:28:00,C0088,P004,1,1490.0,0.0,1490.0,PAID,Marketplace
ORD000367,2026-02-10 16:53:00,C0161,P040,3,4189.5,0.05,11940.074999999999,PAID,Marketplace
ORD000368,2026-02-12 17:59:00,C0095,P026,-1,12900.0,0.0,-12900.0,FAILED,Web
ORD000369,2026-02-22 01:54:00,C0037,P033,3,13545.0,0.0,40635.0,PAID,Mobile App
ORD000370,2026-02-05 13:06:00,C0050,P006,2,284.05,0.05,539.695,PAID,Marketplace
ORD000371,2026-02-06 02:30:00,C0155,P029,4,3990.0,0.0,15960.0,PAID,Web
ORD000372,2026-02-03 18:30:00,C0096,P025,2,27195.0,0.1,48951.0,PAID,Mobile App
ORD000373,2026-02-05 22:22:00,C0081,P028,1,269.1,0.05,255.645,PAID,Marketplace
ORD000374,2026-02-12 03:57:00,C0101,P040,1,3591.0,0.0,3591.0,PAID,Web
ORD000375,2026-02-16 10:59:00,C0034,P008,1,474.05,0.05,450.34749999999997,PAID,Web
ORD000376,2026-02-26 11:51:00,C0155,P027,4,27195.0,0.0,108780.0,PAID,Mobile App
ORD000377,2026-02-18 10:54:00,C0114,P014,1,891.0,0.0,891.0,PAID,Web
ORD000378,2026-02-03 18:47:00,C0118,P002,4,1415.5,0.1,5095.8,PAID,Marketplace
ORD000379,2026-02-26 21:04:00,C0002,P010,1,1039.5,0.05,987.525,PAID,Mobile App
ORD000380,2026-02-04 17:51:00,C0045,P026,3,11610.0,0.05,33088.5,PAID,Web
ORD000380,2026-02-04 17:51:00,C0045,P026,3,11610.0,0.05,33088.5,PAID,Web
ORD000381,2026-02-09 10:43:00,C0077,P007,1,24605.0,0.0,24605.0,PAID,Mobile App
ORD000382,2026-02-09 09:31:00,C0155,P999,3,4189.5,0.05,11940.074999999999,PAID,Web
ORD000383,2026-02-11 01:20:00,C0022,P026,4,12255.0,0.0,49020.0,REFUNDED,Marketplace
ORD000384,2026-02-14 07:10:00,C0013,P038,1,13545.0,0.05,12867.75,PAID,Marketplace
ORD000385,2026-02-12 03:57:00,C0089,P028,4,299.0,0.0,1196.0,PAID,Web
ORD000386,2026-02-20 14:00:00,C0156,P016,1,1341.0,0.1,1206.9,FAILED,Web
ORD000387,2026-02-12 10:15:00,C0071,P028,4,313.95,0.0,1255.8,PAID,Marketplace
ORD000388,2026-02-22 14:44:00,C0100,P018,2,3591.0,0.0,7182.0,PAID,Web
ORD000389,2026-02-15 15:29:00,C0051,P032,2,25900.0,0.0,51800.0,PAID,Marketplace
ORD000390,2026-02-04 07:56:00,C0159,P026,3,11610.0,0.0,34830.0,PAID,Mobile App
ORD000391,2026-02-18 08:58:00,C0101,P020,2,449.1,0.0,898.2,PAID,Mobile App
ORD000392,2026-02-26 06:39:00,C0107,P023,1,269.1,0.0,269.1,PAID,Mobile App
ORD000393,2026-02-08 21:28:00,C0075,P022,1,449.1,0.0,449.1,FAILED,Marketplace
ORD000394,2026-02-06 06:54:00,C0015,P007,2,24605.0,0.1,44289.0,PAID,Web
ORD000395,2026-02-12 15:38:00,C0008,P020,1,499.0,0.0,499.0,PAID,Web
ORD000396,2026-02-13 07:26:00,C0019,P026,3,12900.0,0.1,34830.0,FAILED,Marketplace
ORD000397,2026-02-06 11:40:00,C0015,P040,2,3990.0,0.1,7182.0,PAID,Marketplace
ORD000398,2026-02-20 16:01:00,C0095,P040,2,3990.0,0.0,7980.0,PAID,Marketplace
ORD000399,2026-02-12 11:47:00,C0102,P026,2,12900.0,0.0,25800.0,FAILED,Mobile App
ORD000400,2026-02-19 15:10:00,C0078,P035,4,27195.0,0.0,108780.0,PAID,Web
ORD000401,2026-02-16 16:25:00,C0085,P013,3,499.0,0.1,1347.3,PAID,Marketplace
ORD000402,2026-02-16 20:27:00,C0084,P030,1,523.95,0.05,497.7525,PAID,Web
ORD000403,2026-02-17 06:30:00,C0107,P031,1,1490.0,0.0,1490.0,PAID,Mobile App
ORD000405,2026-02-27 09:47:00,C0070,P001,1,299.0,0.0,299.0,PAID,Marketplace
ORD000406,2026-02-04 00:37:00,C0144,P035,3,23310.0,0.0,69930.0,PAID,Web
ORD000407,2026-02-28 08:21:00,C0100,P027,4,23310.0,0.1,83916.0,PAID,Web
ORD000408,2026-02-27 20:30:00,C0047,P032,2,25900.0,0.05,49210.0,PAID,Marketplace
ORD000409,2026-02-17 18:03:00,C0071,P035,3,27195.0,0.0,81585.0,PAID,Mobile App
ORD000410,2026-02-19 17:45:00,C0162,P004,3,1490.0,0.0,4470.0,PAID,Mobile App
ORD000411,2026-02-10 01:56:00,C0030,P025,1,25900.0,0.0,25900.0,PAID,Mobile App
ORD000412,2026-02-11 23:14:00,C0088,P025,2,25900.0,0.0,51800.0,PAID,Web
ORD000412,2026-02-11 23:14:00,C0088,P025,2,25900.0,0.0,51800.0,PAID,Web
ORD000413,2026-02-12 05:32:00,C0125,P005,2,313.95,0.0,627.9,PAID,Web
ORD000414,2026-02-18 15:53:00,C0072,P019,1,3591.0,0.0,3591.0,PAID,Web
ORD000415,2026-02-15 12:42:00,C0007,P037,4,24605.0,0.0,98420.0,PAID,Marketplace
ORD000416,2026-02-06 05:45:00,C0109,P023,2,299.0,0.0,598.0,PAID,Mobile App
ORD000417,2026-02-26 00:25:00,C0075,P013,1,474.05,0.0,474.05,FAILED,Web
ORD000418,2026-02-26 17:39:00,C0097,P018,2,3790.5,0.05,7201.95,PAID,Marketplace
ORD000419,2026-02-12 23:28:00,C0015,P002,1,1341.0,0.1,1206.9,PAID,Marketplace
ORD000420,2026-02-09 09:44:00,C0056,P021,1,23310.0,0.1,20979.0,PAID,Mobile App
ORD000421,2026-02-14 04:43:00,C0160,P023,3,284.05,0.1,766.9350000000001,PAID,Marketplace
ORD000422,2026-02-27 13:36:00,C0160,P001,3,299.0,0.0,897.0,PAID,Mobile App
ORD000423,2026-02-04 18:44:00,C0047,P027,4,24605.0,0.0,98420.0,PAID,Web
ORD000424,2026-02-19 22:35:00,C0002,P007,1,24605.0,0.05,23374.75,PAID,Web
ORD000425,2026-02-17 18:53:00,C0145,P003,2,25900.0,0.0,51800.0,PAID,Web
ORD000426,2026-02-25 09:55:00,C0043,P027,4,25900.0,0.0,103600.0,PAID,Web
ORD000427,2026-02-24 02:11:00,C0137,P027,1,23310.0,0.0,23310.0,FAILED,Mobile App
ORD000428,2026-02-01 09:32:00,C0036,P032,2,27195.0,0.0,54390.0,PAID,Mobile App
ORD000429,2026-02-02 17:59:00,C0036,P004,3,1490.0,0.0,4470.0,PAID,Web
ORD000430,2026-02-19 16:43:00,C0112,P037,4,25900.0,0.1,93240.0,FAILED,Mobile App
ORD000431,2026-02-05 17:40:00,C0017,P019,1,3790.5,0.1,3411.4500000000003,PAID,Marketplace
ORD000432,2026-02-04 04:23:00,C0119,P025,4,25900.0,0.0,103600.0,PAID,Marketplace
ORD000433,2026-02-11 22:26:00,C0043,P009,2,284.05,0.05,539.695,PAID,Mobile App
ORD000434,2026-02-23 16:44:00,C0114,P025,1,25900.0,0.1,23310.0,PAID,Mobile App
ORD000435,2026-02-13 04:16:00,C0130,P010,2,891.0,0.05,1692.8999999999999,PAID,Mobile App
ORD000436,2026-02-20 09:07:00,C0154,P009,1,299.0,0.1,269.1,REFUNDED,Marketplace
ORD000437,2026-02-24 08:52:00,C0059,P014,2,990.0,0.0,1980.0,PAID,Web
ORD000438,2026-02-03 17:34:00,C0106,P035,4,27195.0,0.0,108780.0,REFUNDED,Mobile App
ORD000439,2026-02-20 02:29:00,C0112,P002,3,1564.5,0.0,4693.5,PAID,Mobile App
ORD000440,2026-02-22 17:06:00,C0063,P008,2,449.1,0.0,898.2,PAID,Web
ORD000441,2026-02-22 07:08:00,C0032,P024,1,299.0,0.0,299.0,PAID,Mobile App
ORD000442,2026-02-23 13:16:00,C0105,P010,1,1039.5,0.1,935.5500000000001,PAID,Marketplace
ORD000443,2026-02-19 19:44:00,C0117,P003,4,24605.0,0.0,98420.0,PAID,Web
ORD000444,2026-02-12 16:42:00,C0030,P030,3,499.0,0.0,1497.0,PAID,Marketplace
ORD000445,2026-02-10 13:38:00,C0054,P025,1,24605.0,0.0,24605.0,PAID,Mobile App
ORD000446,2026-02-09 12:07:00,C0062,P012,1,990.0,0.0,990.0,PAID,Mobile App
ORD000447,2026-02-24 03:42:00,C0085,P024,1,313.95,0.0,313.95,PAID,Mobile App
ORD000448,2026-02-15 13:01:00,C0096,P004,2,1341.0,0.05,2547.9,PAID,Web
ORD000449,2026-02-27 08:06:00,C0038,P031,3,1341.0,0.0,4023.0,PAID,Web
ORD000450,2026-02-08 18:36:00,C0037,P011,1,25900.0,0.0,25900.0,PAID,Marketplace
ORD000451,2026-02-15 01:08:00,C0028,P032,4,27195.0,0.05,103341.0,PAID,Marketplace
ORD000452,2026-02-12 08:11:00,C0022,P005,4,299.0,0.0,1196.0,PAID,Mobile App
ORD000453,2026-02-02 03:17:00,C0105,P040,3,3990.0,0.05,11371.5,PAID,Web
ORD000454,2026-02-17 21:52:00,C0087,P011,1,27195.0,0.05,25835.25,PAID,Mobile App
ORD000455,2026-02-16 21:58:00,C0052,P022,3,523.95,0.0,1571.8500000000001,REFUNDED,Web
ORD000456,2026-02-19 18:32:00,C0155,P039,3,990.0,0.1,2673.0,PAID,Web
ORD000457,2026-02-10 13:06:00,C0164,P032,1,25900.0,0.1,23310.0,PAID,Marketplace
ORD000458,2026-02-12 13:21:00,C0097,P040,3,3790.5,0.0,11371.5,REFUNDED,Web
ORD000459,2026-02-24 08:54:00,C0070,P036,3,299.0,0.1,807.3000000000001,FAILED,Mobile App
ORD000460,2026-02-17 04:59:00,C0040,P011,3,27195.0,0.0,81585.0,PAID,Mobile App
ORD000461,2026-02-12 00:01:00,C0143,P015,2,299.0,0.1,538.2,PAID,Mobile App
ORD000462,2026-02-28 03:21:00,C0077,P003,2,25900.0,0.05,49210.0,PAID,Mobile App
ORD000463,2026-02-20 13:20:00,C0062,P030,4,523.95,0.0,2095.8,PAID,Marketplace
ORD000464,2026-02-21 08:29:00,C0161,P017,1,1039.5,0.1,935.5500000000001,PAID,Web
ORD000465,2026-02-12 07:50:00,C0002,P011,1,27195.0,0.1,24475.5,PAID,Mobile App
ORD000466,2026-02-17 18:53:00,C0044,P004,1,1341.0,0.0,1341.0,PAID,Mobile App
ORD000467,2026-02-26 11:09:00,C0117,P017,4,990.0,0.1,3564.0,PAID,Mobile App
ORD000468,2026-02-15 08:18:00,C0125,P008,1,449.1,0.0,449.1,FAILED,Mobile App
ORD000469,2026-02-20 23:00:00,C0033,P004,4,1415.5,0.05,5378.9,PAID,Marketplace
ORD000470,2026-02-21 21:44:00,C0076,P004,2,1415.5,0.0,2831.0,PAID,Mobile App
ORD000471,2026-02-13 13:59:00,C0068,P032,4,27195.0,0.0,108780.0,PAID,Web
ORD000472,2026-02-06 07:32:00,C0155,P017,2,1039.5,0.1,1871.1000000000001,PAID,Mobile App
ORD000473,2026-02-06 17:53:00,C0059,P005,1,299.0,0.0,299.0,PAID,Marketplace
ORD000474,2026-02-05 22:44:00,C0008,P019,1,4189.5,0.0,4189.5,PAID,Web
ORD000475,2026-02-15 05:43:00,C0085,P018,2,3790.5,0.0,7581.0,PAID,Web
ORD000476,2026-02-10 18:54:00,C0006,P018,1,4189.5,0.0,4189.5,PAID,Mobile App
ORD000477,2026-02-28 08:44:00,C0092,P031,3,1341.0,0.0,4023.0,PAID,Marketplace
ORD000478,2026-02-18 15:30:00,C0097,P038,4,12900.0,0.0,51600.0,PAID,Web
ORD000479,2026-02-22 17:01:00,C0013,P009,1,269.1,0.0,269.1,PAID,Mobile App
ORD000480,2026-02-16 08:07:00,C0029,P018,1,3790.5,0.0,3790.5,PAID,Mobile App
ORD000481,2026-02-25 14:58:00,C0052,P034,1,299.0,0.0,299.0,PAID,Web
ORD000482,2026-02-28 09:31:00,C0036,P038,1,13545.0,0.0,13545.0,PAID,Web
ORD000483,2026-02-04 18:05:00,C0010,P037,2,25900.0,0.0,51800.0,PAID,Marketplace
ORD000484,2026-02-01 01:38:00,C0048,P016,1,1564.5,0.0,1564.5,PAID,Marketplace
ORD000485,2026-02-23 04:34:00,C0095,P017,4,891.0,0.0,3564.0,PAID,Web
ORD000486,2026-02-02 16:24:00,C0141,P021,2,23310.0,0.0,46620.0,FAILED,Mobile App
ORD000487,2026-02-03 22:11:00,C0092,P010,1,990.0,0.0,990.0,PAID,Mobile App
ORD000488,2026-02-21 22:27:00,C0073,P037,4,27195.0,0.0,108780.0,FAILED,Web
ORD000489,2026-02-21 22:56:00,C0103,P010,1,990.0,0.0,990.0,PAID,Web
ORD000490,2026-02-05 06:12:00,C0067,P028,1,299.0,0.0,299.0,PAID,Web
ORD000491,2026-02-03 19:24:00,C0090,P026,1,12255.0,0.05,11642.25,FAILED,Web
ORD000492,2026-02-18 23:25:00,C0105,P014,1,990.0,0.0,990.0,PAID,Marketplace
ORD000493,2026-02-24 06:43:00,C0140,P022,4,499.0,0.0,1996.0,PAID,Web
ORD000494,2026-02-21 18:46:00,C0091,P025,1,24605.0,0.0,24605.0,PAID,Marketplace
ORD000495,2026-02-01 10:05:00,C0016,P016,2,1490.0,0.05,2831.0,PAID,Web
ORD000496,2026-02-08 04:50:00,C0007,P022,4,499.0,0.1,1796.4,PAID,Web
ORD000497,2026-02-24 17:26:00,C0138,P028,1,269.1,0.1,242.19000000000003,FAILED,Marketplace
ORD000498,2026-02-06 11:28:00,C0047,P003,2,24605.0,0.0,49210.0,PAID,Marketplace
ORD000499,2026-02-07 15:12:00,C0157,P024,1,269.1,0.0,269.1,PAID,Mobile App
ORD000500,2026-02-12 10:25:00,C0106,P031,4,1490.0,0.1,5364.0,FAILED,Web
ORD000501,2026-02-27 02:25:00,C0024,P001,1,284.05,0.0,284.05,PAID,Marketplace
ORD000502,2026-02-19 12:08:00,C0013,P040,1,3591.0,0.1,3231.9,PAID,Mobile App
ORD000503,2026-02-10 11:55:00,C0022,P030,4,474.05,0.0,1896.2,PAID,Mobile App
ORD000504,2026-02-18 05:44:00,C0091,P005,2,313.95,0.0,627.9,PAID,Mobile App
ORD000505,2026-02-02 01:42:00,C0148,P031,1,1341.0,0.0,1341.0,PAID,Web
ORD000506,2026-02-19 13:26:00,C0153,P007,2,27195.0,0.0,54390.0,PAID,Mobile App
ORD000507,2026-02-24 12:52:00,C0126,P011,1,25900.0,0.0,25900.0,PAID,Web
ORD000508,2026-02-20 22:36:00,C0129,P009,3,299.0,0.0,897.0,PAID,Mobile App
ORD000509,2026-02-18 03:24:00,C0162,P029,4,3591.0,0.0,14364.0,PAID,Marketplace
ORD000510,2026-02-10 22:52:00,C0153,P010,4,1039.5,0.0,4158.0,PAID,Web
ORD000511,2026-02-24 16:52:00,C0106,P031,1,1490.0,0.1,1341.0,PAID,Web
ORD000512,2026-02-10 17:11:00,C0036,P017,4,1039.5,0.05,3950.1,PAID,Mobile App
ORD000513,2026-02-25 01:56:00,C0012,P022,1,474.05,0.0,474.05,PAID,Web
ORD000513,2026-02-25 01:56:00,C0012,P022,1,474.05,0.0,474.05,PAID,Web
ORD000514,2026-02-03 09:09:00,C0028,P023,3,313.95,0.05,894.7574999999998,PAID,Web
ORD000515,2026-02-02 13:51:00,C0030,P012,3,990.0,0.1,2673.0,PAID,Web
ORD000516,2026-02-11 03:07:00,C0047,P002,2,1341.0,0.1,2413.8,PAID,Mobile App
ORD000517,2026-02-01 04:57:00,C0029,P003,3,25900.0,0.0,77700.0,PAID,Marketplace
ORD000518,2026-02-05 13:30:00,C0110,P015,1,299.0,0.0,299.0,PAID,Marketplace
ORD000519,2026-02-26 04:26:00,C0012,P033,1,12900.0,0.0,12900.0,PAID,Mobile App
ORD000519,2026-02-26 04:26:00,C0012,P033,1,12900.0,0.0,12900.0,PAID,Mobile App
ORD000520,2026-02-06 15:46:00,C0114,P037,1,23310.0,0.1,20979.0,PAID,Marketplace
ORD000521,2026-02-08 11:24:00,C0020,P017,1,990.0,0.0,990.0,PAID,Marketplace
ORD000522,2026-02-03 16:16:00,C0159,P002,2,1490.0,0.1,2682.0,PAID,Mobile App
ORD000523,2026-02-13 06:28:00,C0077,P032,2,25900.0,0.05,49210.0,PAID,Marketplace
ORD000524,2026-02-21 20:40:00,C0140,P011,1,25900.0,0.05,24605.0,PAID,Mobile App
ORD000525,2026-02-06 05:17:00,C0124,P040,1,3990.0,0.0,3990.0,PAID,Marketplace
ORD000526,2026-02-23 05:53:00,C0140,P007,1,25900.0,0.0,25900.0,PAID,Web
ORD000527,2026-02-27 01:27:00,C0154,P036,3,313.95,0.1,847.665,FAILED,Mobile App
ORD000528,2026-02-12 17:29:00,C0118,P030,2,499.0,0.05,948.0999999999999,PAID,Marketplace
ORD000529,2026-02-18 00:14:00,C0071,P039,2,1039.5,0.05,1975.05,PAID,Web
ORD000530,2026-02-06 08:19:00,C0023,P036,1,299.0,0.0,299.0,PAID,Marketplace
ORD000531,2026-02-28 13:46:00,C0009,P035,1,25900.0,0.1,23310.0,PAID,Marketplace
ORD000532,2026-02-09 23:58:00,C0135,P020,1,499.0,0.0,499.0,FAILED,Mobile App
ORD000533,2026-02-25 22:30:00,C0117,P035,2,25900.0,0.1,46620.0,PAID,Mobile App
ORD000534,2026-02-17 15:31:00,C0134,P015,1,313.95,0.0,313.95,PAID,Marketplace
ORD000535,2026-02-05 23:37:00,C0068,P018,1,3790.5,0.1,3411.4500000000003,PAID,Mobile App
ORD000536,2026-02-03 06:33:00,C0015,P013,2,499.0,0.0,998.0,PAID,Mobile App
ORD000537,2026-02-16 23:58:00,C0073,P031,1,1490.0,0.05,1415.5,PAID,Web
ORD000538,2026-02-20 19:01:00,C0133,P015,3,269.1,0.1,726.57,PAID,Mobile App
ORD000539,2026-02-23 19:29:00,C0003,P001,1,284.05,0.0,284.05,PAID,Marketplace
ORD000540,2026-02-14 08:20:00,C0017,P029,1,3790.5,0.1,3411.4500000000003,PAID,Marketplace
ORD000541,2026-02-10 16:41:00,C0094,P030,1,499.0,0.0,499.0,PAID,Web
ORD000542,2026-02-15 18:56:00,C0030,P021,1,27195.0,0.1,24475.5,PAID,Marketplace
ORD000543,2026-02-23 13:02:00,C0108,P022,4,449.1,0.0,1796.4,PAID,Web
ORD000544,2026-02-21 01:50:00,C0125,P022,1,499.0,0.0,499.0,PAID,Mobile App
ORD000545,2026-02-15 21:06:00,C0148,P010,2,990.0,0.0,1980.0,PAID,Marketplace
ORD000546,2026-02-13 10:01:00,C0004,P016,1,1415.5,0.0,1415.5,PAID,Marketplace
ORD000547,2026-02-08 07:16:00,C0008,P039,1,940.5,0.0,940.5,PAID,Web
ORD000548,2026-02-25 01:20:00,C0121,P007,1,24605.0,0.0,24605.0,PAID,Mobile App
ORD000549,2026-02-17 10:45:00,C0086,P004,2,1490.0,0.0,2980.0,FAILED,Marketplace
ORD000550,2026-02-13 15:12:00,C0164,P017,1,990.0,0.0,990.0,PAID,Mobile App
ORD000551,2026-02-10 16:42:00,C0105,P005,2,313.95,0.1,565.11,PAID,Marketplace
ORD000552,2026-02-06 04:25:00,C0066,P004,1,1490.0,0.1,1341.0,PAID,Web
ORD000553,2026-02-28 22:02:00,C0074,P028,2,313.95,0.05,596.505,REFUNDED,Marketplace
ORD000554,2026-02-19 09:59:00,C0028,P010,1,891.0,0.1,801.9,PAID,Marketplace
ORD000555,2026-02-05 00:05:00,C0085,P007,4,25900.0,0.05,98420.0,PAID,Marketplace
ORD000556,2026-02-07 07:32:00,C0004,P032,2,23310.0,0.0,46620.0,PAID,Marketplace
ORD000557,2026-02-06 22:59:00,C0065,P025,4,27195.0,0.05,103341.0,PAID,Marketplace
ORD000558,2026-02-17 17:23:00,C0052,P034,2,313.95,0.1,565.11,PAID,Marketplace
ORD000559,2026-02-26 16:49:00,C0123,P028,1,269.1,0.0,269.1,PAID,Marketplace
ORD000560,2026-02-22 20:33:00,C0151,P005,4,284.05,0.0,1136.2,PAID,Mobile App
ORD000561,2026-02-19 10:31:00,C0005,P014,1,940.5,0.1,846.45,PAID,Mobile App
ORD000562,2026-02-28 19:55:00,C0074,P019,1,4189.5,0.1,3770.55,PAID,Marketplace
ORD000563,2026-02-08 03:06:00,C0125,P037,4,23310.0,0.0,93240.0,PAID,Marketplace
ORD000564,2026-02-18 21:40:00,C0147,P023,4,299.0,0.0,1196.0,PAID,Mobile App
ORD000565,2026-02-03 17:43:00,C0132,P029,1,3990.0,0.0,3990.0,PAID,Web
ORD000566,2026-02-04 22:02:00,C0154,P020,3,523.95,0.0,1571.8500000000001,PAID,Marketplace
ORD000567,2026-02-09 01:16:00,C0059,P017,3,990.0,0.05,2821.5,PAID,Mobile App
ORD000568,2026-02-08 23:09:00,C0108,P008,2,474.05,0.1,853.2900000000001,PAID,Web
ORD000569,2026-02-19 22:57:00,C0113,P010,2,891.0,0.05,1692.8999999999999,PAID,Marketplace
ORD000570,2026-02-01 02:53:00,C0030,P014,1,1039.5,0.0,1039.5,PAID,Marketplace
ORD000571,2026-02-10 19:27:00,C0040,P005,1,299.0,0.0,299.0,PAID,Mobile App
ORD000572,2026-02-04 19:41:00,C0163,P020,2,499.0,0.05,948.0999999999999,PAID,Web
ORD000573,2026-02-25 19:17:00,C0115,P040,3,3591.0,0.05,10234.35,FAILED,Marketplace
ORD000574,2026-02-03 11:10:00,C0010,P022,3,499.0,0.0,1497.0,PAID,Mobile App
ORD000575,2026-02-22 06:29:00,C0154,P015,3,284.05,0.0,852.1500000000001,PAID,Marketplace
ORD000576,2026-02-27 01:43:00,C0014,P003,2,27195.0,0.0,54390.0,PAID,Mobile App
ORD000577,2026-02-28 21:05:00,C0030,P020,1,449.1,0.0,449.1,PAID,Mobile App
ORD000578,2026-02-09 03:11:00,C0039,P003,4,23310.0,0.05,88578.0,PAID,Marketplace
ORD000579,2026-02-08 06:46:00,C0086,P001,2,269.1,0.0,538.2,PAID,Mobile App
ORD000580,2026-02-26 23:03:00,C0110,P033,2,11610.0,0.0,23220.0,PAID,Web
ORD000581,2026-02-19 23:30:00,C0036,P017,2,990.0,0.05,1881.0,PAID,Marketplace
ORD000582,2026-02-06 04:51:00,C0134,P016,2,1415.5,0.0,2831.0,PAID,Mobile App
ORD000583,2026-02-19 14:04:00,C0025,P032,2,27195.0,0.0,54390.0,PAID,Web
ORD000584,2026-02-18 20:32:00,C0039,P027,3,25900.0,0.1,69930.0,PAID,Marketplace
ORD000585,2026-02-23 05:34:00,C0028,P028,2,299.0,0.1,538.2,PAID,Web
ORD000586,2026-02-25 15:32:00,C0133,P017,4,891.0,0.0,3564.0,PAID,Mobile App
ORD000587,2026-02-27 14:35:00,C0153,P015,1,299.0,0.1,269.1,PAID,Mobile App
ORD000588,2026-02-10 23:33:00,C0038,P032,1,23310.0,0.0,23310.0,PAID,Mobile App
ORD000589,2026-02-28 02:47:00,C0031,P038,1,12255.0,0.0,12255.0,PAID,Mobile App
ORD000590,2026-02-27 17:19:00,C0139,P021,1,23310.0,0.0,23310.0,PAID,Marketplace
ORD000591,2026-02-14 09:53:00,C0039,P017,1,990.0,0.0,990.0,PAID,Marketplace
ORD000592,2026-02-14 17:35:00,C0094,P011,2,27195.0,0.0,54390.0,PAID,Marketplace
ORD000593,2026-02-13 02:48:00,C0110,P009,2,299.0,0.0,598.0,PAID,Web
ORD000594,2026-02-10 13:19:00,C0101,P005,1,299.0,0.0,299.0,PAID,Marketplace
ORD000595,2026-02-06 15:57:00,C0036,P038,2,12900.0,0.0,25800.0,REFUNDED,Web
ORD000596,2026-02-12 21:25:00,C0025,P013,2,474.05,0.05,900.6949999999999,PAID,Web
ORD000597,2026-02-02 14:46:00,C0091,P022,1,499.0,0.05,474.04999999999995,PAID,Marketplace
ORD000598,2026-02-13 05:42:00,C0082,P038,1,13545.0,0.0,13545.0,PAID,Marketplace
ORD000599,2026-02-13 09:16:00,C0068,P022,2,523.95,0.0,1047.9,REFUNDED,Marketplace
ORD000600,2026-02-22 18:07:00,C0096,P014,2,990.0,0.05,1881.0,PAID,Web
ORD000601,2026-02-03 10:36:00,C0149,P037,2,24605.0,0.0,49210.0,PAID,Mobile App
ORD000602,2026-02-10 17:55:00,C0124,P025,1,24605.0,0.0,24605.0,PAID,Mobile App
ORD000603,2026-02-23 09:04:00,C0048,P027,1,27195.0,0.0,27195.0,PAID,Web
ORD000604,2026-02-20 19:17:00,C0137,P025,2,25900.0,0.1,46620.0,PAID,Web
ORD000605,2026-02-09 09:07:00,C0095,P001,2,269.1,0.05,511.29,PAID,Mobile App
ORD000606,2026-02-24 08:24:00,C0132,P039,2,891.0,0.05,1692.8999999999999,PAID,Marketplace
ORD000607,2026-02-19 00:57:00,C0146,P008,4,523.95,0.05,1991.01,FAILED,Marketplace
ORD000608,2026-02-21 21:51:00,C0082,P035,2,27195.0,0.1,48951.0,PAID,Marketplace
ORD000609,2026-02-09 00:21:00,C0122,P014,4,1039.5,0.0,4158.0,PAID,Web
ORD000610,2026-02-17 22:24:00,C0141,P006,1,299.0,0.05,284.05,PAID,Mobile App
ORD000611,2026-02-11 09:32:00,C0063,P035,1,25900.0,0.0,25900.0,PAID,Mobile App
ORD000612,2026-02-14 05:20:00,C0139,P002,1,1341.0,0.0,1341.0,PAID,Marketplace
ORD000613,2026-02-21 20:52:00,C0082,P013,3,449.1,0.0,1347.3000000000002,PAID,Marketplace
ORD000614,2026-02-01 21:40:00,C0163,P035,2,25900.0,0.05,49210.0,PAID,Marketplace
ORD000615,2026-02-27 07:01:00,C0136,P003,4,24605.0,0.05,93499.0,PAID,Mobile App
ORD000616,2026-02-01 10:24:00,C0144,P040,2,3990.0,0.0,7980.0,PAID,Marketplace
ORD000617,2026-02-25 15:46:00,C0008,P017,2,891.0,0.1,1603.8,PAID,Marketplace
ORD000618,2026-02-24 20:02:00,C0100,P004,1,1415.5,0.0,1415.5,PAID,Marketplace
ORD000619,2026-02-09 12:09:00,C0126,P012,1,990.0,0.1,891.0,PAID,Marketplace
ORD000620,2026-02-27 03:47:00,C0020,P003,2,27195.0,0.0,54390.0,PAID,Marketplace
ORD000621,2026-02-17 12:32:00,C0017,P031,2,1341.0,0.1,2413.8,FAILED,Mobile App
ORD000622,2026-02-26 00:13:00,C0100,P001,3,299.0,0.0,897.0,PAID,Web
ORD000623,2026-02-14 06:18:00,C0151,P017,1,940.5,0.0,940.5,PAID,Web
ORD000624,2026-02-11 05:25:00,C0120,P038,1,11610.0,0.0,11610.0,PAID,Web
ORD000625,2026-02-10 10:36:00,C0065,P026,2,11610.0,0.05,22059.0,PAID,Web
ORD000626,2026-02-17 05:04:00,C0047,P010,3,1039.5,0.05,2962.575,PAID,Mobile App
ORD000627,2026-02-15 14:31:00,C0068,P013,1,474.05,0.1,426.64500000000004,PAID,Marketplace
ORD000628,2026-02-13 21:25:00,C0137,P010,3,990.0,0.0,2970.0,PAID,Mobile App
ORD000629,2026-02-10 18:31:00,C0086,P036,2,284.05,0.0,568.1,PAID,Mobile App
ORD000630,2026-02-06 04:23:00,C0040,P022,3,499.0,0.0,1497.0,PAID,Mobile App
ORD000631,2026-02-04 11:25:00,C0032,P040,1,3790.5,0.0,3790.5,REFUNDED,Mobile App
ORD000632,2026-02-21 11:31:00,C0014,P004,4,1564.5,0.05,5945.099999999999,PAID,Marketplace
ORD000633,2026-02-05 21:07:00,C0130,P014,1,940.5,0.0,940.5,PAID,Web
ORD000634,2026-02-12 10:16:00,C0023,P025,3,25900.0,0.05,73815.0,PAID,Marketplace
ORD000635,2026-02-21 15:49:00,C0028,P006,3,313.95,0.0,941.8499999999999,PAID,Marketplace
ORD000636,2026-02-21 07:26:00,C0071,P013,1,499.0,0.1,449.1,PAID,Web
ORD000637,2026-02-04 08:39:00,C0041,P015,1,299.0,0.0,299.0,PAID,Marketplace
ORD000638,2026-02-03 23:38:00,C0012,P012,4,990.0,0.0,3960.0,PAID,Mobile App
ORD000638,2026-02-03 23:38:00,C0012,P012,4,990.0,0.0,3960.0,PAID,Mobile App
ORD000639,2026-02-02 17:17:00,C0017,P007,4,27195.0,0.0,108780.0,PAID,Web
ORD000640,2026-02-28 14:41:00,C0027,P002,2,1490.0,0.1,2682.0,PAID,Web
ORD000641,2026-02-16 20:20:00,C0086,P023,3,269.1,0.0,807.3000000000001,PAID,Marketplace
ORD000642,2026-02-12 09:47:00,C0047,P001,1,269.1,0.05,255.645,PAID,Mobile App
ORD000643,2026-02-16 00:40:00,C0087,P026,1,12255.0,0.0,12255.0,PAID,Marketplace
ORD000644,2026-02-06 08:04:00,C0112,P014,2,990.0,0.1,1782.0,PAID,Web
ORD000645,2026-02-27 00:09:00,C0017,P029,2,3990.0,0.05,7581.0,PAID,Web
ORD000646,2026-02-08 12:53:00,C0136,P001,1,269.1,0.0,269.1,PAID,Mobile App
ORD000647,2026-02-26 20:49:00,C0071,P024,2,313.95,0.05,596.505,PAID,Marketplace
ORD000648,2026-02-19 14:29:00,C0078,P012,2,990.0,0.0,1980.0,PAID,Mobile App
ORD000649,2026-02-10 11:21:00,C0090,P001,2,269.1,0.1,484.38000000000005,PAID,Web
ORD000650,2026-02-17 19:43:00,C0080,P003,2,25900.0,0.0,51800.0,PAID,Mobile App
ORD000651,2026-02-06 13:24:00,C0104,P039,1,940.5,0.1,846.45,PAID,Web
ORD000652,2026-02-11 02:58:00,C0034,P008,2,499.0,0.0,998.0,PAID,Web
ORD000653,2026-02-18 19:13:00,C0120,P003,3,27195.0,0.0,81585.0,PAID,Marketplace
ORD000654,2026-02-09 04:48:00,C0142,P027,2,25900.0,0.0,51800.0,FAILED,Web
ORD000655,2026-02-14 06:50:00,C0085,P037,1,25900.0,0.0,25900.0,PAID,Web
ORD000656,2026-02-26 21:00:00,C0007,P011,4,24605.0,0.0,98420.0,PAID,Web
ORD000657,2026-02-02 21:06:00,C0064,P033,4,12900.0,0.0,51600.0,PAID,Mobile App
ORD000658,2026-02-18 19:31:00,C0154,P008,3,499.0,0.0,1497.0,PAID,Web
ORD000659,2026-02-04 22:21:00,C0165,P033,2,11610.0,0.0,23220.0,PAID,Marketplace
ORD000660,2026-02-01 21:46:00,C0081,P012,2,891.0,0.0,1782.0,PAID,Marketplace
ORD000661,2026-02-17 12:59:00,C0161,P024,1,313.95,0.0,313.95,PAID,Marketplace
ORD000662,2026-02-18 23:53:00,C0001,P031,2,1415.5,0.1,2547.9,PAID,Marketplace
ORD000663,2026-02-03 04:45:00,C0098,P020,1,449.1,0.05,426.645,PAID,Mobile App
ORD000664,2026-02-21 00:03:00,C0054,P029,1,4189.5,0.1,3770.55,PAID,Marketplace
ORD000665,2026-02-14 14:26:00,C0072,P013,4,474.05,0.1,1706.5800000000002,PAID,Mobile App
ORD000666,2026-02-10 02:24:00,C0011,P016,1,1564.5,0.0,1564.5,PAID,Marketplace
ORD000667,2026-02-15 06:14:00,C0162,P010,3,940.5,0.05,2680.4249999999997,PAID,Marketplace
ORD000668,2026-02-07 19:17:00,C0056,P030,1,499.0,0.0,499.0,PAID,Mobile App
ORD000669,2026-02-27 16:22:00,C0071,P018,1,3591.0,0.0,3591.0,PAID,Marketplace
ORD000670,2026-02-21 19:23:00,C0024,P032,1,24605.0,0.0,24605.0,PAID,Mobile App
ORD000671,2026-02-17 10:22:00,C0002,P019,2,3990.0,0.1,7182.0,PAID,Marketplace
ORD000672,2026-02-13 21:25:00,C0092,P001,1,269.1,0.1,242.19000000000003,PAID,Marketplace
ORD000673,2026-02-25 00:45:00,C0041,P029,1,3990.0,0.0,3990.0,PAID,Mobile App
ORD000674,2026-02-09 10:08:00,C0057,P013,3,449.1,0.05,1279.9350000000002,PAID,Marketplace
ORD000675,2026-02-09 12:58:00,C0116,P025,1,25900.0,0.05,24605.0,PAID,Web
ORD000676,2026-02-15 08:26:00,C0137,P028,2,284.05,0.0,568.1,PAID,Marketplace
ORD000677,2026-02-22 18:44:00,C0002,P018,2,3790.5,0.0,7581.0,PAID,Marketplace
ORD000678,2026-02-13 15:53:00,C0098,P022,1,499.0,0.0,499.0,PAID,Marketplace
ORD000679,2026-02-02 07:10:00,C0140,P036,2,269.1,0.0,538.2,PAID,Marketplace
ORD000680,2026-02-24 19:32:00,C0096,P003,1,25900.0,0.0,25900.0,PAID,Marketplace
ORD000681,2026-02-15 05:17:00,C0065,P012,2,990.0,0.05,1881.0,REFUNDED,Mobile App
ORD000682,2026-02-09 05:17:00,C0021,P020,4,474.05,0.05,1801.3899999999999,PAID,Web
ORD000683,2026-02-13 15:47:00,C0101,P004,1,1490.0,0.0,1490.0,PAID,Marketplace
ORD000684,2026-02-02 09:17:00,C0106,P002,1,1490.0,0.0,1490.0,PAID,Web
ORD000685,2026-02-13 10:36:00,C0092,P010,1,940.5,0.0,940.5,PAID,Mobile App
ORD000686,2026-02-20 03:36:00,C0121,P026,4,12900.0,0.0,51600.0,PAID,Marketplace
ORD000687,2026-02-05 06:30:00,C0001,P026,1,13545.0,0.0,13545.0,PAID,Web
ORD000688,2026-02-08 15:59:00,C0131,P016,1,1490.0,0.1,1341.0,PAID,Marketplace
ORD000689,2026-02-02 18:44:00,C0104,P022,4,449.1,0.0,1796.4,PAID,Web
ORD000690,2026-02-21 07:13:00,C0093,P035,2,24605.0,0.0,49210.0,PAID,Mobile App
ORD000691,2026-02-14 20:23:00,C0152,P022,1,499.0,0.1,449.1,PAID,Web
ORD000692,2026-02-13 12:15:00,C0124,P008,1,499.0,0.0,499.0,PAID,Mobile App
ORD000693,2026-02-16 18:58:00,C0071,P024,2,313.95,0.0,627.9,PAID,Marketplace
ORD000694,2026-02-19 11:27:00,C0102,P025,3,23310.0,0.0,69930.0,PAID,Web
ORD000695,2026-02-26 01:31:00,C0032,P036,2,284.05,0.0,568.1,PAID,Web
ORD000696,2026-02-04 06:18:00,C0134,P016,1,1415.5,0.05,1344.725,PAID,Mobile App
ORD000697,2026-02-25 13:43:00,C0031,P030,4,523.95,0.05,1991.01,PAID,Web
ORD000698,2026-02-16 10:04:00,C0089,P024,4,269.1,0.1,968.7600000000001,PAID,Web
ORD000699,2026-02-22 10:52:00,C0086,P012,3,891.0,0.0,2673.0,PAID,Mobile App
ORD000700,2026-02-22 21:48:00,C0074,P035,4,25900.0,0.0,103600.0,FAILED,Mobile App
ORD000701,2026-02-05 17:38:00,C0022,P023,1,269.1,0.05,255.645,REFUNDED,Mobile App
ORD000702,2026-02-18 09:00:00,C0045,P027,1,23310.0,0.05,22144.5,PAID,Mobile App
ORD000702,2026-02-18 09:00:00,C0045,P027,1,23310.0,0.05,22144.5,PAID,Mobile App
ORD000703,2026-02-23 17:10:00,C0128,P007,2,23310.0,0.0,46620.0,PAID,Marketplace
ORD000704,2026-02-25 10:21:00,C0056,P029,2,3790.5,0.0,7581.0,PAID,Marketplace
ORD000705,2026-02-28 23:21:00,C0124,P031,1,1341.0,0.0,1341.0,FAILED,Web
ORD000706,2026-02-24 16:43:00,C0122,P015,3,313.95,0.1,847.665,PAID,Mobile App
ORD000707,2026-02-08 09:26:00,C0048,P032,1,23310.0,0.1,20979.0,PAID,Web
ORD000708,2026-02-02 20:37:00,C0036,P013,4,499.0,0.0,1996.0,PAID,Mobile App
ORD000709,2026-02-18 10:54:00,C0119,P011,4,24605.0,0.1,88578.0,PAID,Web
ORD000710,2026-02-04 05:58:00,C0032,P013,2,523.95,0.0,1047.9,PAID,Web
ORD000711,2026-02-05 05:48:00,C0002,P009,3,313.95,0.0,941.8499999999999,PAID,Marketplace
ORD000712,2026-02-27 12:33:00,C0081,P029,2,3990.0,0.1,7182.0,PAID,Marketplace
ORD000713,2026-02-18 09:46:00,C0035,P030,2,499.0,0.1,898.2,PAID,Marketplace
ORD000714,2026-02-06 11:29:00,C0084,P020,3,474.05,0.05,1351.0425,FAILED,Web
ORD000715,2026-02-24 12:52:00,C0150,P023,1,313.95,0.0,313.95,PAID,Web
ORD000716,2026-02-19 23:59:00,C0050,P001,1,299.0,0.05,284.05,PAID,Mobile App
ORD000717,2026-02-08 11:06:00,C0115,P032,4,25900.0,0.05,98420.0,PAID,Marketplace
ORD000718,2026-02-20 02:41:00,C0011,P012,1,940.5,0.0,940.5,PAID,Marketplace
ORD000719,2026-02-06 13:15:00,C0158,P039,1,940.5,0.0,940.5,PAID,Mobile App
ORD000720,2026-02-23 23:02:00,C0057,P039,4,940.5,0.0,3762.0,PAID,Web
ORD000721,2026-02-09 12:51:00,C0032,P010,3,990.0,0.0,2970.0,PAID,Web
ORD000722,2026-02-04 10:53:00,C0035,P019,1,4189.5,0.0,4189.5,PAID,Mobile App
ORD000723,2026-02-16 16:06:00,C0112,P006,2,284.05,0.0,568.1,PAID,Mobile App
ORD000724,2026-02-12 23:57:00,C0043,P018,1,3990.0,0.0,3990.0,PAID,Web
ORD000725,2026-02-24 12:26:00,C0078,P020,1,499.0,0.0,499.0,PAID,Web
ORD000726,2026-02-15 13:06:00,C0062,P036,1,313.95,0.0,313.95,PAID,Mobile App
ORD000727,2026-02-11 18:43:00,C0024,P003,1,27195.0,0.0,27195.0,FAILED,Web
ORD000728,2026-02-11 00:52:00,C0111,P010,2,940.5,0.05,1786.9499999999998,PAID,Web
ORD000729,2026-02-16 22:43:00,C0064,P040,3,3591.0,0.05,10234.35,PAID,Mobile App
ORD000730,2026-02-22 02:03:00,C0042,P010,1,990.0,0.0,990.0,PAID,Web
ORD000731,2026-02-20 20:06:00,C0156,P007,1,23310.0,0.0,23310.0,PAID,Mobile App
ORD000732,2026-02-22 09:06:00,C0019,P021,2,25900.0,0.0,51800.0,PAID,Mobile App
ORD000733,2026-02-20 07:18:00,C0030,P022,2,499.0,0.0,998.0,PAID,Marketplace
ORD000734,2026-02-06 18:28:00,C0165,P035,1,25900.0,0.05,24605.0,PAID,Mobile App
ORD000735,2026-02-16 16:19:00,C0092,P032,1,25900.0,0.0,25900.0,PAID,Web
ORD000736,2026-02-27 17:04:00,C0022,P003,1,25900.0,0.1,23310.0,PAID,Mobile App
ORD000737,2026-02-25 13:07:00,C0003,P032,1,25900.0,0.0,25900.0,PAID,Web
ORD000738,2026-02-10 06:24:00,C0105,P024,2,313.95,0.05,596.505,PAID,Mobile App
ORD000739,2026-02-10 10:59:00,C0114,P035,2,27195.0,0.0,54390.0,PAID,Marketplace
ORD000740,2026-02-08 18:37:00,C0012,P015,2,284.05,0.05,539.695,PAID,Marketplace
ORD000740,2026-02-08 18:37:00,C0012,P015,2,284.05,0.05,539.695,PAID,Marketplace
ORD000741,2026-02-19 02:17:00,C0145,P024,2,313.95,0.0,627.9,PAID,Marketplace
ORD000742,2026-02-11 14:38:00,C0079,P033,3,13545.0,0.0,40635.0,REFUNDED,Marketplace
ORD000743,2026-02-14 15:45:00,C0041,P005,1,299.0,0.05,284.05,PAID,Marketplace
ORD000744,2026-02-26 07:55:00,C0148,P026,1,12255.0,0.0,12255.0,PAID,Mobile App
ORD000745,2026-02-13 18:44:00,C0045,P037,2,25900.0,0.0,51800.0,PAID,Mobile App
ORD000745,2026-02-13 18:44:00,C0045,P037,2,25900.0,0.0,51800.0,PAID,Mobile App
ORD000746,2026-02-24 06:03:00,C0148,P011,1,27195.0,0.0,27195.0,PAID,Marketplace
ORD000747,2026-02-25 20:17:00,C0147,P035,4,25900.0,0.05,98420.0,PAID,Web
ORD000748,2026-02-16 22:38:00,C0150,P003,4,25900.0,0.05,98420.0,PAID,Mobile App
ORD000749,2026-02-27 04:04:00,C0148,P024,2,269.1,0.05,511.29,PAID,Marketplace
ORD000750,2026-02-17 15:20:00,C0115,P002,4,1490.0,0.0,5960.0,PAID,Web
ORD000416,2026-02-06 05:45:00,C0109,P023,2,299.0,0.0,598.0,PAID,Mobile App
